0,0,0,0
1e-07,0,1e-07,0
2e-07,0,2e-07,0
3e-07,0,3e-07,0
4e-07,0,4e-07,0
5e-07,0,5e-07,0
6e-07,0,6e-07,0
7e-07,0,7e-07,0
8e-07,0,8e-07,0
9e-07,0,9e-07,0
1e-06,0,1e-06,0
1.1e-06,0,1.1e-06,0
1.2e-06,0,1.2e-06,0
1.3e-06,0,1.3e-06,0
1.4e-06,0,1.4e-06,0
1.5e-06,0,1.5e-06,0
1.6e-06,0,1.6e-06,0
1.7e-06,0,1.7e-06,0
1.8e-06,0,1.8e-06,0
1.9e-06,0,1.9e-06,0
2e-06,0,2e-06,0
2.1e-06,0,2.1e-06,0
2.2e-06,0,2.2e-06,0
2.3e-06,0,2.3e-06,0
2.4e-06,0,2.4e-06,0
2.5e-06,0,2.5e-06,0
2.6e-06,0,2.6e-06,0
2.7e-06,0,2.7e-06,0
2.8e-06,0,2.8e-06,0
2.9e-06,0,2.9e-06,0
3e-06,0,3e-06,0
3.1e-06,0,3.1e-06,0
3.2e-06,0,3.2e-06,0
3.3e-06,0,3.3e-06,0
3.4e-06,0,3.4e-06,0
3.5e-06,0,3.5e-06,0
3.6e-06,0,3.6e-06,0
3.7e-06,0,3.7e-06,0
3.8e-06,0,3.8e-06,0
3.9e-06,0,3.9e-06,0
4e-06,0,4e-06,0
4.1e-06,0,4.1e-06,0
4.2e-06,0,4.2e-06,0
4.3e-06,0,4.3e-06,0
4.4e-06,0,4.4e-06,0
4.5e-06,0,4.5e-06,0
4.6e-06,0,4.6e-06,0
4.7e-06,0,4.7e-06,0
4.8e-06,0,4.8e-06,0
4.9e-06,0,4.9e-06,0
5e-06,0,5e-06,0
5.1e-06,0,5.1e-06,0
5.2e-06,0,5.2e-06,0
5.3e-06,0,5.3e-06,0
5.4e-06,0,5.4e-06,0
5.5e-06,0,5.5e-06,0
5.6e-06,0,5.6e-06,0
5.7e-06,0,5.7e-06,0
5.8e-06,0,5.8e-06,0
5.9e-06,0,5.9e-06,0
6e-06,0,6e-06,0
6.1e-06,0,6.1e-06,0
6.2e-06,0,6.2e-06,0
6.3e-06,0,6.3e-06,0
6.4e-06,0,6.4e-06,0
6.5e-06,0,6.5e-06,0
6.6e-06,0,6.6e-06,0
6.7e-06,0,6.7e-06,0
6.8e-06,0,6.8e-06,0
6.9e-06,0,6.9e-06,0
7e-06,0,7e-06,0
7.1e-06,0,7.1e-06,0
7.2e-06,0,7.2e-06,0
7.3e-06,0,7.3e-06,0
7.4e-06,0,7.4e-06,0
7.5e-06,0,7.5e-06,0
7.6e-06,0,7.6e-06,0
7.7e-06,0,7.7e-06,0
7.8e-06,0,7.8e-06,0
7.9e-06,0,7.9e-06,0
8e-06,0,8e-06,0
8.1e-06,0,8.1e-06,0
8.2e-06,0,8.2e-06,0
8.3e-06,0,8.3e-06,0
8.4e-06,0,8.4e-06,0
8.5e-06,0,8.5e-06,0
8.6e-06,0,8.6e-06,0
8.7e-06,0,8.7e-06,0
8.8e-06,0,8.8e-06,0
8.9e-06,0,8.9e-06,0
9e-06,0,9e-06,0
9.1e-06,0,9.1e-06,0
9.2e-06,0,9.2e-06,0
9.3e-06,0,9.3e-06,0
9.4e-06,0,9.4e-06,0
9.5e-06,0,9.5e-06,0
9.6e-06,0,9.6e-06,0
9.7e-06,0,9.7e-06,0
9.8e-06,0,9.8e-06,0
9.9e-06,0,9.9e-06,0
1e-05,0.1,1e-05,0
1.01e-05,0.1,1.01e-05,0
1.02e-05,0.1,1.02e-05,0
1.03e-05,0.1,1.03e-05,0
1.04e-05,0.1,1.04e-05,0
1.05e-05,0.1,1.05e-05,0
1.06e-05,0.1,1.06e-05,0
1.07e-05,0.1,1.07e-05,0
1.08e-05,0.1,1.08e-05,0
1.09e-05,0.1,1.09e-05,0
1.1e-05,0.1,1.1e-05,0
1.11e-05,0.1,1.11e-05,0
1.12e-05,0.1,1.12e-05,0
1.13e-05,0.1,1.13e-05,0
1.14e-05,0.1,1.14e-05,0
1.15e-05,0.1,1.15e-05,0
1.16e-05,0.1,1.16e-05,0
1.17e-05,0.1,1.17e-05,0
1.18e-05,0.1,1.18e-05,0
1.19e-05,0.1,1.19e-05,0
1.2e-05,0.1,1.2e-05,0
1.21e-05,0.1,1.21e-05,0
1.22e-05,0.1,1.22e-05,0
1.23e-05,0.1,1.23e-05,0
1.24e-05,0.1,1.24e-05,0
1.25e-05,0.1,1.25e-05,0
1.26e-05,0.1,1.26e-05,0
1.27e-05,0.1,1.27e-05,0
1.28e-05,0.1,1.28e-05,0
1.29e-05,0.1,1.29e-05,0
1.3e-05,0.1,1.3e-05,0
1.31e-05,0.1,1.31e-05,0
1.32e-05,0.1,1.32e-05,0
1.33e-05,0.1,1.33e-05,0
1.34e-05,0.1,1.34e-05,0
1.35e-05,0.1,1.35e-05,0
1.36e-05,0.1,1.36e-05,0
1.37e-05,0.1,1.37e-05,0
1.38e-05,0.1,1.38e-05,0
1.39e-05,0.1,1.39e-05,0
1.4e-05,0.1,1.4e-05,0
1.41e-05,0.1,1.41e-05,0
1.42e-05,0.1,1.42e-05,0
1.43e-05,0.1,1.43e-05,0
1.44e-05,0.1,1.44e-05,0
1.45e-05,0.1,1.45e-05,0
1.46e-05,0.1,1.46e-05,0
1.47e-05,0.1,1.47e-05,0
1.48e-05,0.1,1.48e-05,0
1.49e-05,0.1,1.49e-05,0
1.5e-05,0.1,1.5e-05,0
1.51e-05,0.1,1.51e-05,0
1.52e-05,0.1,1.52e-05,0
1.53e-05,0.1,1.53e-05,0
1.54e-05,0.1,1.54e-05,0
1.55e-05,0.1,1.55e-05,0
1.56e-05,0.1,1.56e-05,0
1.57e-05,0.1,1.57e-05,0
1.58e-05,0.1,1.58e-05,0
1.59e-05,0.1,1.59e-05,0
1.6e-05,0.1,1.6e-05,0
1.61e-05,0.1,1.61e-05,0
1.62e-05,0.1,1.62e-05,0
1.63e-05,0.1,1.63e-05,0
1.64e-05,0.1,1.64e-05,0
1.65e-05,0.1,1.65e-05,0
1.66e-05,0.1,1.66e-05,0
1.67e-05,0.1,1.67e-05,0
1.68e-05,0.1,1.68e-05,0
1.69e-05,0.1,1.69e-05,0
1.7e-05,0.1,1.7e-05,0
1.71e-05,0.1,1.71e-05,0
1.72e-05,0.1,1.72e-05,0
1.73e-05,0.1,1.73e-05,0
1.74e-05,0.1,1.74e-05,0
1.75e-05,0.1,1.75e-05,0
1.76e-05,0.1,1.76e-05,0
1.77e-05,0.1,1.77e-05,0
1.78e-05,0.1,1.78e-05,0
1.79e-05,0.1,1.79e-05,0
1.8e-05,0.1,1.8e-05,0
1.81e-05,0.1,1.81e-05,0
1.82e-05,0.1,1.82e-05,0
1.83e-05,0.1,1.83e-05,0
1.84e-05,0.1,1.84e-05,0
1.85e-05,0.1,1.85e-05,0
1.86e-05,0.1,1.86e-05,0
1.87e-05,0.1,1.87e-05,0
1.88e-05,0.1,1.88e-05,0
1.89e-05,0.1,1.89e-05,0
1.9e-05,0.1,1.9e-05,0
1.91e-05,0.1,1.91e-05,0
1.92e-05,0.1,1.92e-05,0
1.93e-05,0.1,1.93e-05,0
1.94e-05,0.1,1.94e-05,0
1.95e-05,0.1,1.95e-05,0
1.96e-05,0.1,1.96e-05,0
1.97e-05,0.1,1.97e-05,0
1.98e-05,0.1,1.98e-05,0
1.99e-05,0.1,1.99e-05,0
2e-05,0.1,2e-05,0
2.01e-05,0.1,2.01e-05,0
2.02e-05,0.1,2.02e-05,0
2.03e-05,0.1,2.03e-05,0
2.04e-05,0.1,2.04e-05,0
2.05e-05,0.1,2.05e-05,0
2.06e-05,0.1,2.06e-05,0
2.07e-05,0.1,2.07e-05,0
2.08e-05,0.1,2.08e-05,0
2.09e-05,0.1,2.09e-05,0
2.1e-05,0.1,2.1e-05,0
2.11e-05,0.1,2.11e-05,0
2.12e-05,0.1,2.12e-05,0
2.13e-05,0.1,2.13e-05,0
2.14e-05,0.1,2.14e-05,0
2.15e-05,0.1,2.15e-05,0
2.16e-05,0.1,2.16e-05,0
2.17e-05,0.1,2.17e-05,0
2.18e-05,0.1,2.18e-05,0
2.19e-05,0.1,2.19e-05,0
2.2e-05,0.1,2.2e-05,0
2.21e-05,0.1,2.21e-05,0
2.22e-05,0.1,2.22e-05,0
2.23e-05,0.1,2.23e-05,0
2.24e-05,0.1,2.24e-05,0
2.25e-05,0.1,2.25e-05,0
2.26e-05,0.1,2.26e-05,0
2.27e-05,0.1,2.27e-05,0
2.28e-05,0.1,2.28e-05,0
2.29e-05,0.1,2.29e-05,0
2.3e-05,0.1,2.3e-05,0
2.31e-05,0.1,2.31e-05,0
2.32e-05,0.1,2.32e-05,0
2.33e-05,0.1,2.33e-05,0
2.34e-05,0.1,2.34e-05,0
2.35e-05,0.1,2.35e-05,0
2.36e-05,0.1,2.36e-05,0
2.37e-05,0.1,2.37e-05,0
2.38e-05,0.1,2.38e-05,0
2.39e-05,0.1,2.39e-05,0
2.4e-05,0.1,2.4e-05,0
2.41e-05,0.1,2.41e-05,0
2.42e-05,0.1,2.42e-05,0
2.43e-05,0.1,2.43e-05,0
2.44e-05,0.1,2.44e-05,0
2.45e-05,0.1,2.45e-05,0
2.46e-05,0.1,2.46e-05,0
2.47e-05,0.1,2.47e-05,0
2.48e-05,0.1,2.48e-05,0
2.49e-05,0.1,2.49e-05,0
2.5e-05,0.1,2.5e-05,0
2.51e-05,0.1,2.51e-05,0
2.52e-05,0.1,2.52e-05,0
2.53e-05,0.1,2.53e-05,0
2.54e-05,0.1,2.54e-05,0
2.55e-05,0.1,2.55e-05,0
2.56e-05,0.1,2.56e-05,0
2.57e-05,0.1,2.57e-05,0
2.58e-05,0.1,2.58e-05,0
2.59e-05,0.1,2.59e-05,0
2.6e-05,0.1,2.6e-05,0
2.61e-05,0.1,2.61e-05,0
2.62e-05,0.1,2.62e-05,0
2.63e-05,0.1,2.63e-05,0
2.64e-05,0.1,2.64e-05,0
2.65e-05,0.1,2.65e-05,0
2.66e-05,0.1,2.66e-05,0
2.67e-05,0.1,2.67e-05,0
2.68e-05,0.1,2.68e-05,0
2.69e-05,0.1,2.69e-05,0
2.7e-05,0.1,2.7e-05,0
2.71e-05,0.1,2.71e-05,0
2.72e-05,0.1,2.72e-05,0
2.73e-05,0.1,2.73e-05,0
2.74e-05,0.1,2.74e-05,0
2.75e-05,0.1,2.75e-05,0
2.76e-05,0.1,2.76e-05,0
2.77e-05,0.1,2.77e-05,0
2.78e-05,0.1,2.78e-05,0
2.79e-05,0.1,2.79e-05,0
2.8e-05,0.1,2.8e-05,0
2.81e-05,0.1,2.81e-05,0
2.82e-05,0.1,2.82e-05,0
2.83e-05,0.1,2.83e-05,0
2.84e-05,0.1,2.84e-05,0
2.85e-05,0.1,2.85e-05,0
2.86e-05,0.1,2.86e-05,0
2.87e-05,0.1,2.87e-05,0
2.88e-05,0.1,2.88e-05,0
2.89e-05,0.1,2.89e-05,0
2.9e-05,0.1,2.9e-05,0
2.91e-05,0.1,2.91e-05,0
2.92e-05,0.1,2.92e-05,0
2.93e-05,0.1,2.93e-05,0
2.94e-05,0.1,2.94e-05,0
2.95e-05,0.1,2.95e-05,0
2.96e-05,0.1,2.96e-05,0
2.97e-05,0.1,2.97e-05,0
2.98e-05,0.1,2.98e-05,0
2.99e-05,0.1,2.99e-05,0
3e-05,0.1,3e-05,0
3.01e-05,0.1,3.01e-05,0
3.02e-05,0.1,3.02e-05,0
3.03e-05,0.1,3.03e-05,0
3.04e-05,0.1,3.04e-05,0
3.05e-05,0.1,3.05e-05,0
3.06e-05,0.1,3.06e-05,0
3.07e-05,0.1,3.07e-05,0
3.08e-05,0.1,3.08e-05,0
3.09e-05,0.1,3.09e-05,0
3.1e-05,0.1,3.1e-05,0
3.11e-05,0.1,3.11e-05,0
3.12e-05,0.1,3.12e-05,0
3.13e-05,0.1,3.13e-05,0
3.14e-05,0.1,3.14e-05,0
3.15e-05,0.1,3.15e-05,0
3.16e-05,0.1,3.16e-05,0
3.17e-05,0.1,3.17e-05,0
3.18e-05,0.1,3.18e-05,0
3.19e-05,0.1,3.19e-05,0
3.2e-05,0.1,3.2e-05,0
3.21e-05,0.1,3.21e-05,0
3.22e-05,0.1,3.22e-05,0
3.23e-05,0.1,3.23e-05,0
3.24e-05,0.1,3.24e-05,0
3.25e-05,0.1,3.25e-05,0
3.26e-05,0.1,3.26e-05,0
3.27e-05,0.1,3.27e-05,0
3.28e-05,0.1,3.28e-05,0
3.29e-05,0.1,3.29e-05,0
3.3e-05,0.1,3.3e-05,0
3.31e-05,0.1,3.31e-05,0
3.32e-05,0.1,3.32e-05,0
3.33e-05,0.1,3.33e-05,0
3.34e-05,0.1,3.34e-05,0
3.35e-05,0.1,3.35e-05,0
3.36e-05,0.1,3.36e-05,0
3.37e-05,0.1,3.37e-05,0
3.38e-05,0.1,3.38e-05,0
3.39e-05,0.1,3.39e-05,0
3.4e-05,0.1,3.4e-05,0
3.41e-05,0.1,3.41e-05,0
3.42e-05,0.1,3.42e-05,0
3.43e-05,0.1,3.43e-05,0
3.44e-05,0.1,3.44e-05,0
3.45e-05,0.1,3.45e-05,0
3.46e-05,0.1,3.46e-05,0
3.47e-05,0.1,3.47e-05,0
3.48e-05,0.1,3.48e-05,0
3.49e-05,0.1,3.49e-05,0
3.5e-05,0.1,3.5e-05,0
3.51e-05,-0.1,3.51e-05,0
3.52e-05,-0.1,3.52e-05,0
3.53e-05,-0.1,3.53e-05,0
3.54e-05,-0.1,3.54e-05,0
3.55e-05,-0.1,3.55e-05,0
3.56e-05,-0.1,3.56e-05,0
3.57e-05,-0.1,3.57e-05,0
3.58e-05,-0.1,3.58e-05,0
3.59e-05,-0.1,3.59e-05,0
3.6e-05,-0.1,3.6e-05,0
3.61e-05,-0.1,3.61e-05,0
3.62e-05,-0.1,3.62e-05,0
3.63e-05,-0.1,3.63e-05,0
3.64e-05,-0.1,3.64e-05,0
3.65e-05,-0.1,3.65e-05,0
3.66e-05,-0.1,3.66e-05,0
3.67e-05,-0.1,3.67e-05,0
3.68e-05,-0.1,3.68e-05,0
3.69e-05,-0.1,3.69e-05,0
3.7e-05,-0.1,3.7e-05,0
3.71e-05,-0.1,3.71e-05,0
3.72e-05,-0.1,3.72e-05,0
3.73e-05,-0.1,3.73e-05,0
3.74e-05,-0.1,3.74e-05,0
3.75e-05,-0.1,3.75e-05,0
3.76e-05,-0.1,3.76e-05,0
3.77e-05,-0.1,3.77e-05,0
3.78e-05,-0.1,3.78e-05,0
3.79e-05,-0.1,3.79e-05,0
3.8e-05,-0.1,3.8e-05,0
3.81e-05,-0.1,3.81e-05,0
3.82e-05,-0.1,3.82e-05,0
3.83e-05,-0.1,3.83e-05,0
3.84e-05,-0.1,3.84e-05,0
3.85e-05,-0.1,3.85e-05,0
3.86e-05,-0.1,3.86e-05,0
3.87e-05,-0.1,3.87e-05,0
3.88e-05,-0.1,3.88e-05,0
3.89e-05,-0.1,3.89e-05,0
3.9e-05,-0.1,3.9e-05,0
3.91e-05,-0.1,3.91e-05,0
3.92e-05,-0.1,3.92e-05,0
3.93e-05,-0.1,3.93e-05,0
3.94e-05,-0.1,3.94e-05,0
3.95e-05,-0.1,3.95e-05,0
3.96e-05,-0.1,3.96e-05,0
3.97e-05,-0.1,3.97e-05,0
3.98e-05,-0.1,3.98e-05,0
3.99e-05,-0.1,3.99e-05,0
4e-05,-0.1,4e-05,0
4.01e-05,-0.1,4.01e-05,0
4.02e-05,-0.1,4.02e-05,0
4.03e-05,-0.1,4.03e-05,0
4.04e-05,-0.1,4.04e-05,0
4.05e-05,-0.1,4.05e-05,0
4.06e-05,-0.1,4.06e-05,0
4.07e-05,-0.1,4.07e-05,0
4.08e-05,-0.1,4.08e-05,0
4.09e-05,-0.1,4.09e-05,0
4.1e-05,-0.1,4.1e-05,0
4.11e-05,-0.1,4.11e-05,0
4.12e-05,-0.1,4.12e-05,0
4.13e-05,-0.1,4.13e-05,0
4.14e-05,-0.1,4.14e-05,0
4.15e-05,-0.1,4.15e-05,0
4.16e-05,-0.1,4.16e-05,0
4.17e-05,-0.1,4.17e-05,0
4.18e-05,-0.1,4.18e-05,0
4.19e-05,-0.1,4.19e-05,0
4.2e-05,-0.1,4.2e-05,0
4.21e-05,-0.1,4.21e-05,0
4.22e-05,-0.1,4.22e-05,0
4.23e-05,-0.1,4.23e-05,0
4.24e-05,-0.1,4.24e-05,0
4.25e-05,-0.1,4.25e-05,0
4.26e-05,-0.1,4.26e-05,0
4.27e-05,-0.1,4.27e-05,0
4.28e-05,-0.1,4.28e-05,0
4.29e-05,-0.1,4.29e-05,0
4.3e-05,-0.1,4.3e-05,0
4.31e-05,-0.1,4.31e-05,0
4.32e-05,-0.1,4.32e-05,0
4.33e-05,-0.1,4.33e-05,0
4.34e-05,-0.1,4.34e-05,0
4.35e-05,-0.1,4.35e-05,0
4.36e-05,-0.1,4.36e-05,0
4.37e-05,-0.1,4.37e-05,0
4.38e-05,-0.1,4.38e-05,0
4.39e-05,-0.1,4.39e-05,0
4.4e-05,-0.1,4.4e-05,0
4.41e-05,-0.1,4.41e-05,0
4.42e-05,-0.1,4.42e-05,0
4.43e-05,-0.1,4.43e-05,0
4.44e-05,-0.1,4.44e-05,0
4.45e-05,-0.1,4.45e-05,0
4.46e-05,-0.1,4.46e-05,0
4.47e-05,-0.1,4.47e-05,0
4.48e-05,-0.1,4.48e-05,0
4.49e-05,-0.1,4.49e-05,0
4.5e-05,-0.1,4.5e-05,0
4.51e-05,-0.1,4.51e-05,0
4.52e-05,-0.1,4.52e-05,0
4.53e-05,-0.1,4.53e-05,0
4.54e-05,-0.1,4.54e-05,0
4.55e-05,-0.1,4.55e-05,0
4.56e-05,-0.1,4.56e-05,0
4.57e-05,-0.1,4.57e-05,0
4.58e-05,-0.1,4.58e-05,0
4.59e-05,-0.1,4.59e-05,0
4.6e-05,-0.1,4.6e-05,0
4.61e-05,-0.1,4.61e-05,0
4.62e-05,-0.1,4.62e-05,0
4.63e-05,-0.1,4.63e-05,0
4.64e-05,-0.1,4.64e-05,0
4.65e-05,-0.1,4.65e-05,0
4.66e-05,-0.1,4.66e-05,0
4.67e-05,-0.1,4.67e-05,0
4.68e-05,-0.1,4.68e-05,0
4.69e-05,-0.1,4.69e-05,0
4.7e-05,-0.1,4.7e-05,0
4.71e-05,-0.1,4.71e-05,0
4.72e-05,-0.1,4.72e-05,0
4.73e-05,-0.1,4.73e-05,0
4.74e-05,-0.1,4.74e-05,0
4.75e-05,-0.1,4.75e-05,0
4.76e-05,-0.1,4.76e-05,0
4.77e-05,-0.1,4.77e-05,0
4.78e-05,-0.1,4.78e-05,0
4.79e-05,-0.1,4.79e-05,0
4.8e-05,-0.1,4.8e-05,0
4.81e-05,-0.1,4.81e-05,0
4.82e-05,-0.1,4.82e-05,0
4.83e-05,-0.1,4.83e-05,0
4.84e-05,-0.1,4.84e-05,0
4.85e-05,-0.1,4.85e-05,0
4.86e-05,-0.1,4.86e-05,0
4.87e-05,-0.1,4.87e-05,0
4.88e-05,-0.1,4.88e-05,0
4.89e-05,-0.1,4.89e-05,0
4.9e-05,-0.1,4.9e-05,0
4.91e-05,-0.1,4.91e-05,0
4.92e-05,-0.1,4.92e-05,0
4.93e-05,-0.1,4.93e-05,0
4.94e-05,-0.1,4.94e-05,0
4.95e-05,-0.1,4.95e-05,0
4.96e-05,-0.1,4.96e-05,0
4.97e-05,-0.1,4.97e-05,0
4.98e-05,-0.1,4.98e-05,0
4.99e-05,-0.1,4.99e-05,0
5e-05,-0.1,5e-05,0
5.01e-05,-0.1,5.01e-05,0
5.02e-05,-0.1,5.02e-05,0
5.03e-05,-0.1,5.03e-05,0
5.04e-05,-0.1,5.04e-05,0
5.05e-05,-0.1,5.05e-05,0
5.06e-05,-0.1,5.06e-05,0
5.07e-05,-0.1,5.07e-05,0
5.08e-05,-0.1,5.08e-05,0
5.09e-05,-0.1,5.09e-05,0
5.1e-05,-0.1,5.1e-05,0
5.11e-05,-0.1,5.11e-05,0
5.12e-05,-0.1,5.12e-05,0
5.13e-05,-0.1,5.13e-05,0
5.14e-05,-0.1,5.14e-05,0
5.15e-05,-0.1,5.15e-05,0
5.16e-05,-0.1,5.16e-05,0
5.17e-05,-0.1,5.17e-05,0
5.18e-05,-0.1,5.18e-05,0
5.19e-05,-0.1,5.19e-05,0
5.2e-05,-0.1,5.2e-05,0
5.21e-05,-0.1,5.21e-05,0
5.22e-05,-0.1,5.22e-05,0
5.23e-05,-0.1,5.23e-05,0
5.24e-05,-0.1,5.24e-05,0
5.25e-05,-0.1,5.25e-05,0
5.26e-05,-0.1,5.26e-05,0
5.27e-05,-0.1,5.27e-05,0
5.28e-05,-0.1,5.28e-05,0
5.29e-05,-0.1,5.29e-05,0
5.3e-05,-0.1,5.3e-05,0
5.31e-05,-0.1,5.31e-05,0
5.32e-05,-0.1,5.32e-05,0
5.33e-05,-0.1,5.33e-05,0
5.34e-05,-0.1,5.34e-05,0
5.35e-05,-0.1,5.35e-05,0
5.36e-05,-0.1,5.36e-05,0
5.37e-05,-0.1,5.37e-05,0
5.38e-05,-0.1,5.38e-05,0
5.39e-05,-0.1,5.39e-05,0
5.4e-05,-0.1,5.4e-05,0
5.41e-05,-0.1,5.41e-05,0
5.42e-05,-0.1,5.42e-05,0
5.43e-05,-0.1,5.43e-05,0
5.44e-05,-0.1,5.44e-05,0
5.45e-05,-0.1,5.45e-05,0
5.46e-05,-0.1,5.46e-05,0
5.47e-05,-0.1,5.47e-05,0
5.48e-05,-0.1,5.48e-05,0
5.49e-05,-0.1,5.49e-05,0
5.5e-05,-0.1,5.5e-05,0
5.51e-05,-0.1,5.51e-05,0
5.52e-05,-0.1,5.52e-05,0
5.53e-05,-0.1,5.53e-05,0
5.54e-05,-0.1,5.54e-05,0
5.55e-05,-0.1,5.55e-05,0
5.56e-05,-0.1,5.56e-05,0
5.57e-05,-0.1,5.57e-05,0
5.58e-05,-0.1,5.58e-05,0
5.59e-05,-0.1,5.59e-05,0
5.6e-05,-0.1,5.6e-05,0
5.61e-05,-0.1,5.61e-05,0
5.62e-05,-0.1,5.62e-05,0
5.63e-05,-0.1,5.63e-05,0
5.64e-05,-0.1,5.64e-05,0
5.65e-05,-0.1,5.65e-05,0
5.66e-05,-0.1,5.66e-05,0
5.67e-05,-0.1,5.67e-05,0
5.68e-05,-0.1,5.68e-05,0
5.69e-05,-0.1,5.69e-05,0
5.7e-05,-0.1,5.7e-05,0
5.71e-05,-0.1,5.71e-05,0
5.72e-05,-0.1,5.72e-05,0
5.73e-05,-0.1,5.73e-05,0
5.74e-05,-0.1,5.74e-05,0
5.75e-05,-0.1,5.75e-05,0
5.76e-05,-0.1,5.76e-05,0
5.77e-05,-0.1,5.77e-05,0
5.78e-05,-0.1,5.78e-05,0
5.79e-05,-0.1,5.79e-05,0
5.8e-05,-0.1,5.8e-05,0
5.81e-05,-0.1,5.81e-05,0
5.82e-05,-0.1,5.82e-05,0
5.83e-05,-0.1,5.83e-05,0
5.84e-05,-0.1,5.84e-05,0
5.85e-05,-0.1,5.85e-05,0
5.86e-05,-0.1,5.86e-05,0
5.87e-05,-0.1,5.87e-05,0
5.88e-05,-0.1,5.88e-05,0
5.89e-05,-0.1,5.89e-05,0
5.9e-05,-0.1,5.9e-05,0
5.91e-05,-0.1,5.91e-05,0
5.92e-05,-0.1,5.92e-05,0
5.93e-05,-0.1,5.93e-05,0
5.94e-05,-0.1,5.94e-05,0
5.95e-05,-0.1,5.95e-05,0
5.96e-05,-0.1,5.96e-05,0
5.97e-05,-0.1,5.97e-05,0
5.98e-05,-0.1,5.98e-05,0
5.99e-05,-0.1,5.99e-05,0
6e-05,-0.1,6e-05,0
6.01e-05,-0.1,6.01e-05,0
6.02e-05,-0.1,6.02e-05,0
6.03e-05,-0.1,6.03e-05,0
6.04e-05,-0.1,6.04e-05,0
6.05e-05,-0.1,6.05e-05,0
6.06e-05,-0.1,6.06e-05,0
6.07e-05,-0.1,6.07e-05,0
6.08e-05,-0.1,6.08e-05,0
6.09e-05,-0.1,6.09e-05,0
6.1e-05,-0.1,6.1e-05,0
6.11e-05,-0.1,6.11e-05,0
6.12e-05,-0.1,6.12e-05,0
6.13e-05,-0.1,6.13e-05,0
6.14e-05,-0.1,6.14e-05,0
6.15e-05,-0.1,6.15e-05,0
6.16e-05,-0.1,6.16e-05,0
6.17e-05,-0.1,6.17e-05,0
6.18e-05,-0.1,6.18e-05,0
6.19e-05,-0.1,6.19e-05,0
6.2e-05,-0.1,6.2e-05,0
6.21e-05,-0.1,6.21e-05,0
6.22e-05,-0.1,6.22e-05,0
6.23e-05,-0.1,6.23e-05,0
6.24e-05,-0.1,6.24e-05,0
6.25e-05,-0.1,6.25e-05,0
6.26e-05,-0.1,6.26e-05,0
6.27e-05,-0.1,6.27e-05,0
6.28e-05,-0.1,6.28e-05,0
6.29e-05,-0.1,6.29e-05,0
6.3e-05,-0.1,6.3e-05,0
6.31e-05,-0.1,6.31e-05,0
6.32e-05,-0.1,6.32e-05,0
6.33e-05,-0.1,6.33e-05,0
6.34e-05,-0.1,6.34e-05,0
6.35e-05,-0.1,6.35e-05,0
6.36e-05,-0.1,6.36e-05,0
6.37e-05,-0.1,6.37e-05,0
6.38e-05,-0.1,6.38e-05,0
6.39e-05,-0.1,6.39e-05,0
6.4e-05,-0.1,6.4e-05,0
6.41e-05,-0.1,6.41e-05,0
6.42e-05,-0.1,6.42e-05,0
6.43e-05,-0.1,6.43e-05,0
6.44e-05,-0.1,6.44e-05,0
6.45e-05,-0.1,6.45e-05,0
6.46e-05,-0.1,6.46e-05,0
6.47e-05,-0.1,6.47e-05,0
6.48e-05,-0.1,6.48e-05,0
6.49e-05,-0.1,6.49e-05,0
6.5e-05,-0.1,6.5e-05,0
6.51e-05,-0.1,6.51e-05,0
6.52e-05,-0.1,6.52e-05,0
6.53e-05,-0.1,6.53e-05,0
6.54e-05,-0.1,6.54e-05,0
6.55e-05,-0.1,6.55e-05,0
6.56e-05,-0.1,6.56e-05,0
6.57e-05,-0.1,6.57e-05,0
6.58e-05,-0.1,6.58e-05,0
6.59e-05,-0.1,6.59e-05,0
6.6e-05,-0.1,6.6e-05,0
6.61e-05,-0.1,6.61e-05,0
6.62e-05,-0.1,6.62e-05,0
6.63e-05,-0.1,6.63e-05,0
6.64e-05,-0.1,6.64e-05,0
6.65e-05,-0.1,6.65e-05,0
6.66e-05,-0.1,6.66e-05,0
6.67e-05,-0.1,6.67e-05,0
6.68e-05,-0.1,6.68e-05,0
6.69e-05,-0.1,6.69e-05,0
6.7e-05,-0.1,6.7e-05,0
6.71e-05,-0.1,6.71e-05,0
6.72e-05,-0.1,6.72e-05,0
6.73e-05,-0.1,6.73e-05,0
6.74e-05,-0.1,6.74e-05,0
6.75e-05,-0.1,6.75e-05,0
6.76e-05,-0.1,6.76e-05,0
6.77e-05,-0.1,6.77e-05,0
6.78e-05,-0.1,6.78e-05,0
6.79e-05,-0.1,6.79e-05,0
6.8e-05,-0.1,6.8e-05,0
6.81e-05,-0.1,6.81e-05,0
6.82e-05,-0.1,6.82e-05,0
6.83e-05,-0.1,6.83e-05,0
6.84e-05,-0.1,6.84e-05,0
6.85e-05,-0.1,6.85e-05,0
6.86e-05,-0.1,6.86e-05,0
6.87e-05,-0.1,6.87e-05,0
6.88e-05,-0.1,6.88e-05,0
6.89e-05,-0.1,6.89e-05,0
6.9e-05,-0.1,6.9e-05,0
6.91e-05,-0.1,6.91e-05,0
6.92e-05,-0.1,6.92e-05,0
6.93e-05,-0.1,6.93e-05,0
6.94e-05,-0.1,6.94e-05,0
6.95e-05,-0.1,6.95e-05,0
6.96e-05,-0.1,6.96e-05,0
6.97e-05,-0.1,6.97e-05,0
6.98e-05,-0.1,6.98e-05,0
6.99e-05,-0.1,6.99e-05,0
7e-05,-0.1,7e-05,0
7.01e-05,-0.1,7.01e-05,0
7.02e-05,-0.1,7.02e-05,0
7.03e-05,-0.1,7.03e-05,0
7.04e-05,-0.1,7.04e-05,0
7.05e-05,-0.1,7.05e-05,0
7.06e-05,-0.1,7.06e-05,0
7.07e-05,-0.1,7.07e-05,0
7.08e-05,-0.1,7.08e-05,0
7.09e-05,-0.1,7.09e-05,0
7.1e-05,-0.1,7.1e-05,0
7.11e-05,-0.1,7.11e-05,0
7.12e-05,-0.1,7.12e-05,0
7.13e-05,-0.1,7.13e-05,0
7.14e-05,-0.1,7.14e-05,0
7.15e-05,-0.1,7.15e-05,0
7.16e-05,-0.1,7.16e-05,0
7.17e-05,-0.1,7.17e-05,0
7.18e-05,-0.1,7.18e-05,0
7.19e-05,-0.1,7.19e-05,0
7.2e-05,-0.1,7.2e-05,0
7.21e-05,-0.1,7.21e-05,0
7.22e-05,-0.1,7.22e-05,0
7.23e-05,-0.1,7.23e-05,0
7.24e-05,-0.1,7.24e-05,0
7.25e-05,-0.1,7.25e-05,0
7.26e-05,-0.1,7.26e-05,0
7.27e-05,-0.1,7.27e-05,0
7.28e-05,-0.1,7.28e-05,0
7.29e-05,-0.1,7.29e-05,0
7.3e-05,-0.1,7.3e-05,0
7.31e-05,-0.1,7.31e-05,0
7.32e-05,-0.1,7.32e-05,0
7.33e-05,-0.1,7.33e-05,0
7.34e-05,-0.1,7.34e-05,0
7.35e-05,-0.1,7.35e-05,0
7.36e-05,-0.1,7.36e-05,0
7.37e-05,-0.1,7.37e-05,0
7.38e-05,-0.1,7.38e-05,0
7.39e-05,-0.1,7.39e-05,0
7.4e-05,-0.1,7.4e-05,0
7.41e-05,-0.1,7.41e-05,0
7.42e-05,-0.1,7.42e-05,0
7.43e-05,-0.1,7.43e-05,0
7.44e-05,-0.1,7.44e-05,0
7.45e-05,-0.1,7.45e-05,0
7.46e-05,-0.1,7.46e-05,0
7.47e-05,-0.1,7.47e-05,0
7.48e-05,-0.1,7.48e-05,0
7.49e-05,-0.1,7.49e-05,0
7.5e-05,-0.1,7.5e-05,0
7.51e-05,-0.1,7.51e-05,0
7.52e-05,-0.1,7.52e-05,0
7.53e-05,-0.1,7.53e-05,0
7.54e-05,-0.1,7.54e-05,0
7.55e-05,-0.1,7.55e-05,0
7.56e-05,-0.1,7.56e-05,0
7.57e-05,-0.1,7.57e-05,0
7.58e-05,-0.1,7.58e-05,0
7.59e-05,-0.1,7.59e-05,0
7.6e-05,-0.1,7.6e-05,0
7.61e-05,-0.1,7.61e-05,0
7.62e-05,-0.1,7.62e-05,0
7.63e-05,-0.1,7.63e-05,0
7.64e-05,-0.1,7.64e-05,0
7.65e-05,-0.1,7.65e-05,0
7.66e-05,-0.1,7.66e-05,0
7.67e-05,-0.1,7.67e-05,0
7.68e-05,-0.1,7.68e-05,0
7.69e-05,-0.1,7.69e-05,0
7.7e-05,-0.1,7.7e-05,0
7.71e-05,-0.1,7.71e-05,0
7.72e-05,-0.1,7.72e-05,0
7.73e-05,-0.1,7.73e-05,0
7.74e-05,-0.1,7.74e-05,0
7.75e-05,-0.1,7.75e-05,0
7.76e-05,-0.1,7.76e-05,0
7.77e-05,-0.1,7.77e-05,0
7.78e-05,-0.1,7.78e-05,0
7.79e-05,-0.1,7.79e-05,0
7.8e-05,-0.1,7.8e-05,0
7.81e-05,-0.1,7.81e-05,0
7.82e-05,-0.1,7.82e-05,0
7.83e-05,-0.1,7.83e-05,0
7.84e-05,-0.1,7.84e-05,0
7.85e-05,-0.1,7.85e-05,0
7.86e-05,-0.1,7.86e-05,0
7.87e-05,-0.1,7.87e-05,0
7.88e-05,-0.1,7.88e-05,0
7.89e-05,-0.1,7.89e-05,0
7.9e-05,-0.1,7.9e-05,0
7.91e-05,-0.1,7.91e-05,0
7.92e-05,-0.1,7.92e-05,0
7.93e-05,-0.1,7.93e-05,0
7.94e-05,-0.1,7.94e-05,0
7.95e-05,-0.1,7.95e-05,0
7.96e-05,-0.1,7.96e-05,0
7.97e-05,-0.1,7.97e-05,0
7.98e-05,-0.1,7.98e-05,0
7.99e-05,-0.1,7.99e-05,0
8e-05,0,8e-05,0
8.01e-05,0,8.01e-05,0
8.02e-05,0,8.02e-05,0
8.03e-05,0,8.03e-05,0
8.04e-05,0,8.04e-05,0
8.05e-05,0,8.05e-05,0
8.06e-05,0,8.06e-05,0
8.07e-05,0,8.07e-05,0
8.08e-05,0,8.08e-05,0
8.09e-05,0,8.09e-05,0
8.1e-05,0,8.1e-05,0
8.11e-05,0,8.11e-05,0
8.12e-05,0,8.12e-05,0
8.13e-05,0,8.13e-05,0
8.14e-05,0,8.14e-05,0
8.15e-05,0,8.15e-05,0
8.16e-05,0,8.16e-05,0
8.17e-05,0,8.17e-05,0
8.18e-05,0,8.18e-05,0
8.19e-05,0,8.19e-05,0
8.2e-05,0,8.2e-05,0
8.21e-05,0,8.21e-05,0
8.22e-05,0,8.22e-05,0
8.23e-05,0,8.23e-05,0
8.24e-05,0,8.24e-05,0
8.25e-05,0,8.25e-05,0
8.26e-05,0,8.26e-05,0
8.27e-05,0,8.27e-05,0
8.28e-05,0,8.28e-05,0
8.29e-05,0,8.29e-05,0
8.3e-05,0,8.3e-05,0
8.31e-05,0,8.31e-05,0
8.32e-05,0,8.32e-05,0
8.33e-05,0,8.33e-05,0
8.34e-05,0,8.34e-05,0
8.35e-05,0,8.35e-05,0
8.36e-05,0,8.36e-05,0
8.37e-05,0,8.37e-05,0
8.38e-05,0,8.38e-05,0
8.39e-05,0,8.39e-05,0
8.4e-05,0,8.4e-05,0
8.41e-05,0,8.41e-05,0
8.42e-05,0,8.42e-05,0
8.43e-05,0,8.43e-05,0
8.44e-05,0,8.44e-05,0
8.45e-05,0,8.45e-05,0
8.46e-05,0,8.46e-05,0
8.47e-05,0,8.47e-05,0
8.48e-05,0,8.48e-05,0
8.49e-05,0,8.49e-05,0
8.5e-05,0,8.5e-05,0
8.51e-05,0,8.51e-05,0
8.52e-05,0,8.52e-05,0
8.53e-05,0,8.53e-05,0
8.54e-05,0,8.54e-05,0
8.55e-05,0,8.55e-05,0
8.56e-05,0,8.56e-05,0
8.57e-05,0,8.57e-05,0
8.58e-05,0,8.58e-05,0
8.59e-05,0,8.59e-05,0
8.6e-05,0,8.6e-05,0
8.61e-05,0,8.61e-05,0
8.62e-05,0,8.62e-05,0
8.63e-05,0,8.63e-05,0
8.64e-05,0,8.64e-05,0
8.65e-05,0,8.65e-05,0
8.66e-05,0,8.66e-05,0
8.67e-05,0,8.67e-05,0
8.68e-05,0,8.68e-05,0
8.69e-05,0,8.69e-05,0
8.7e-05,0,8.7e-05,0
8.71e-05,0,8.71e-05,0
8.72e-05,0,8.72e-05,0
8.73e-05,0,8.73e-05,0
8.74e-05,0,8.74e-05,0
8.75e-05,0,8.75e-05,0
8.76e-05,0,8.76e-05,0
8.77e-05,0,8.77e-05,0
8.78e-05,0,8.78e-05,0
8.79e-05,0,8.79e-05,0
8.8e-05,0,8.8e-05,0
8.81e-05,0,8.81e-05,0
8.82e-05,0,8.82e-05,0
8.83e-05,0,8.83e-05,0
8.84e-05,0,8.84e-05,0
8.85e-05,0,8.85e-05,0
8.86e-05,0,8.86e-05,0
8.87e-05,0,8.87e-05,0
8.88e-05,0,8.88e-05,0
8.89e-05,0,8.89e-05,0
8.9e-05,0,8.9e-05,0
8.91e-05,0,8.91e-05,0
8.92e-05,0,8.92e-05,0
8.93e-05,0,8.93e-05,0
8.94e-05,0,8.94e-05,0
8.95e-05,0,8.95e-05,0
8.96e-05,0,8.96e-05,0
8.97e-05,0,8.97e-05,0
8.98e-05,0,8.98e-05,0
8.99e-05,0,8.99e-05,0
9e-05,0,9e-05,0
9.01e-05,0,9.01e-05,0
9.02e-05,0,9.02e-05,0
9.03e-05,0,9.03e-05,0
9.04e-05,0,9.04e-05,0
9.05e-05,0,9.05e-05,0
9.06e-05,0,9.06e-05,0
9.07e-05,0,9.07e-05,0
9.08e-05,0,9.08e-05,0
9.09e-05,0,9.09e-05,0
9.1e-05,0,9.1e-05,0
9.11e-05,0,9.11e-05,0
9.12e-05,0,9.12e-05,0
9.13e-05,0,9.13e-05,0
9.14e-05,0,9.14e-05,0
9.15e-05,0,9.15e-05,0
9.16e-05,0,9.16e-05,0
9.17e-05,0,9.17e-05,0
9.18e-05,0,9.18e-05,0
9.19e-05,0,9.19e-05,0
9.2e-05,0,9.2e-05,0
9.21e-05,0,9.21e-05,0
9.22e-05,0,9.22e-05,0
9.23e-05,0,9.23e-05,0
9.24e-05,0,9.24e-05,0
9.25e-05,0,9.25e-05,0
9.26e-05,0,9.26e-05,0
9.27e-05,0,9.27e-05,0
9.28e-05,0,9.28e-05,0
9.29e-05,0,9.29e-05,0
9.3e-05,0,9.3e-05,0
9.31e-05,0,9.31e-05,0
9.32e-05,0,9.32e-05,0
9.33e-05,0,9.33e-05,0
9.34e-05,0,9.34e-05,0
9.35e-05,0,9.35e-05,0
9.36e-05,0,9.36e-05,0
9.37e-05,0,9.37e-05,0
9.38e-05,0,9.38e-05,0
9.39e-05,0,9.39e-05,0
9.4e-05,0,9.4e-05,0
9.41e-05,0,9.41e-05,0
9.42e-05,0,9.42e-05,0
9.43e-05,0,9.43e-05,0
9.44e-05,0,9.44e-05,0
9.45e-05,0,9.45e-05,0
9.46e-05,0,9.46e-05,0
9.47e-05,0,9.47e-05,0
9.48e-05,0,9.48e-05,0
9.49e-05,0,9.49e-05,0
9.5e-05,0,9.5e-05,0
9.51e-05,0,9.51e-05,0
9.52e-05,0,9.52e-05,0
9.53e-05,0,9.53e-05,0
9.54e-05,0,9.54e-05,0
9.55e-05,0,9.55e-05,0
9.56e-05,0,9.56e-05,0
9.57e-05,0,9.57e-05,0
9.58e-05,0,9.58e-05,0
9.59e-05,0,9.59e-05,0
9.6e-05,0,9.6e-05,0
9.61e-05,0,9.61e-05,0
9.62e-05,0,9.62e-05,0
9.63e-05,0,9.63e-05,0
9.64e-05,0,9.64e-05,0
9.65e-05,0,9.65e-05,0
9.66e-05,0,9.66e-05,0
9.67e-05,0,9.67e-05,0
9.68e-05,0,9.68e-05,0
9.69e-05,0,9.69e-05,0
9.7e-05,0,9.7e-05,0
9.71e-05,0,9.71e-05,0
9.72e-05,0,9.72e-05,0
9.73e-05,0,9.73e-05,0
9.74e-05,0,9.74e-05,0
9.75e-05,0,9.75e-05,0
9.76e-05,0,9.76e-05,0
9.77e-05,0,9.77e-05,0
9.78e-05,0,9.78e-05,0
9.79e-05,0,9.79e-05,0
9.8e-05,0,9.8e-05,0
9.81e-05,0,9.81e-05,0
9.82e-05,0,9.82e-05,0
9.83e-05,0,9.83e-05,0
9.84e-05,0,9.84e-05,0
9.85e-05,0,9.85e-05,0
9.86e-05,0,9.86e-05,0
9.87e-05,0,9.87e-05,0
9.88e-05,0,9.88e-05,0
9.89e-05,0,9.89e-05,0
9.9e-05,0,9.9e-05,0
9.91e-05,0,9.91e-05,0
9.92e-05,0,9.92e-05,0
9.93e-05,0,9.93e-05,0
9.94e-05,0,9.94e-05,0
9.95e-05,0,9.95e-05,0
9.96e-05,0,9.96e-05,0
9.97e-05,0,9.97e-05,0
9.98e-05,0,9.98e-05,0
9.99e-05,0,9.99e-05,0
0.0001,0,0.0001,0
0.0001001,0,0.0001001,0
0.0001002,0,0.0001002,0
0.0001003,0,0.0001003,0
0.0001004,0,0.0001004,0
0.0001005,0,0.0001005,0
0.0001006,0,0.0001006,0
0.0001007,0,0.0001007,0
0.0001008,0,0.0001008,0
0.0001009,0,0.0001009,0
0.000101,0,0.000101,0
0.0001011,0,0.0001011,0
0.0001012,0,0.0001012,0
0.0001013,0,0.0001013,0
0.0001014,0,0.0001014,0
0.0001015,0,0.0001015,0
0.0001016,0,0.0001016,0
0.0001017,0,0.0001017,0
0.0001018,0,0.0001018,0
0.0001019,0,0.0001019,0
0.000102,0,0.000102,0
0.0001021,0,0.0001021,0
0.0001022,0,0.0001022,0
0.0001023,0,0.0001023,0
0.0001024,0,0.0001024,0
0.0001025,0,0.0001025,0
0.0001026,0,0.0001026,0
0.0001027,0,0.0001027,0
0.0001028,0,0.0001028,0
0.0001029,0,0.0001029,0
0.000103,0,0.000103,0
0.0001031,0,0.0001031,0
0.0001032,0,0.0001032,0
0.0001033,0,0.0001033,0
0.0001034,0,0.0001034,0
0.0001035,0,0.0001035,0
0.0001036,0,0.0001036,0
0.0001037,0,0.0001037,0
0.0001038,0,0.0001038,0
0.0001039,0,0.0001039,0
0.000104,0,0.000104,0
0.0001041,0,0.0001041,0
0.0001042,0,0.0001042,0
0.0001043,0,0.0001043,0
0.0001044,0,0.0001044,0
0.0001045,0,0.0001045,0
0.0001046,0,0.0001046,0
0.0001047,0,0.0001047,0
0.0001048,0,0.0001048,0
0.0001049,0,0.0001049,0
0.000105,0,0.000105,0
0.0001051,0,0.0001051,0
0.0001052,0,0.0001052,0
0.0001053,0,0.0001053,0
0.0001054,0,0.0001054,0
0.0001055,0,0.0001055,0
0.0001056,0,0.0001056,0
0.0001057,0,0.0001057,0
0.0001058,0,0.0001058,0
0.0001059,0,0.0001059,0
0.000106,0,0.000106,0
0.0001061,0,0.0001061,0
0.0001062,0,0.0001062,0
0.0001063,0,0.0001063,0
0.0001064,0,0.0001064,0
0.0001065,0,0.0001065,0
0.0001066,0,0.0001066,0
0.0001067,0,0.0001067,0
0.0001068,0,0.0001068,0
0.0001069,0,0.0001069,0
0.000107,0,0.000107,0
0.0001071,0,0.0001071,0
0.0001072,0,0.0001072,0
0.0001073,0,0.0001073,0
0.0001074,0,0.0001074,0
0.0001075,0,0.0001075,0
0.0001076,0,0.0001076,0
0.0001077,0,0.0001077,0
0.0001078,0,0.0001078,0
0.0001079,0,0.0001079,0
0.000108,0,0.000108,0
0.0001081,0,0.0001081,0
0.0001082,0,0.0001082,0
0.0001083,0,0.0001083,0
0.0001084,0,0.0001084,0
0.0001085,0,0.0001085,0
0.0001086,0,0.0001086,0
0.0001087,0,0.0001087,0
0.0001088,0,0.0001088,0
0.0001089,0,0.0001089,0
0.000109,0,0.000109,0
0.0001091,0,0.0001091,0
0.0001092,0,0.0001092,0
0.0001093,0,0.0001093,0
0.0001094,0,0.0001094,0
0.0001095,0,0.0001095,0
0.0001096,0,0.0001096,0
0.0001097,0,0.0001097,0
0.0001098,0,0.0001098,0
0.0001099,0,0.0001099,0
0.00011,0,0.00011,0
0.0001101,0,0.0001101,0
0.0001102,0,0.0001102,0
0.0001103,0,0.0001103,0
0.0001104,0,0.0001104,0
0.0001105,0,0.0001105,0
0.0001106,0,0.0001106,0
0.0001107,0,0.0001107,0
0.0001108,0,0.0001108,0
0.0001109,0,0.0001109,0
0.000111,0,0.000111,0
0.0001111,0,0.0001111,0
0.0001112,0,0.0001112,0
0.0001113,0,0.0001113,0
0.0001114,0,0.0001114,0
0.0001115,0,0.0001115,0
0.0001116,0,0.0001116,0
0.0001117,0,0.0001117,0
0.0001118,0,0.0001118,0
0.0001119,0,0.0001119,0
0.000112,0,0.000112,0
0.0001121,0,0.0001121,0
0.0001122,0,0.0001122,0
0.0001123,0,0.0001123,0
0.0001124,0,0.0001124,0
0.0001125,0,0.0001125,0
0.0001126,0,0.0001126,0
0.0001127,0,0.0001127,0
0.0001128,0,0.0001128,0
0.0001129,0,0.0001129,0
0.000113,0,0.000113,0
0.0001131,0,0.0001131,0
0.0001132,0,0.0001132,0
0.0001133,0,0.0001133,0
0.0001134,0,0.0001134,0
0.0001135,0,0.0001135,0
0.0001136,0,0.0001136,0
0.0001137,0,0.0001137,0
0.0001138,0,0.0001138,0
0.0001139,0,0.0001139,0
0.000114,0,0.000114,0
0.0001141,0,0.0001141,0
0.0001142,0,0.0001142,0
0.0001143,0,0.0001143,0
0.0001144,0,0.0001144,0
0.0001145,0,0.0001145,0
0.0001146,0,0.0001146,0
0.0001147,0,0.0001147,0
0.0001148,0,0.0001148,0
0.0001149,0,0.0001149,0
0.000115,0,0.000115,0
0.0001151,0,0.0001151,0
0.0001152,0,0.0001152,0
0.0001153,0,0.0001153,0
0.0001154,0,0.0001154,0
0.0001155,0,0.0001155,0
0.0001156,0,0.0001156,0
0.0001157,0,0.0001157,0
0.0001158,0,0.0001158,0
0.0001159,0,0.0001159,0
0.000116,0,0.000116,0
0.0001161,0,0.0001161,0
0.0001162,0,0.0001162,0
0.0001163,0,0.0001163,0
0.0001164,0,0.0001164,0
0.0001165,0,0.0001165,0
0.0001166,0,0.0001166,0
0.0001167,0,0.0001167,0
0.0001168,0,0.0001168,0
0.0001169,0,0.0001169,0
0.000117,0,0.000117,0
0.0001171,0,0.0001171,0
0.0001172,0,0.0001172,0
0.0001173,0,0.0001173,0
0.0001174,0,0.0001174,0
0.0001175,0,0.0001175,0
0.0001176,0,0.0001176,0
0.0001177,0,0.0001177,0
0.0001178,0,0.0001178,0
0.0001179,0,0.0001179,0
0.000118,0,0.000118,0
0.0001181,0,0.0001181,0
0.0001182,0,0.0001182,0
0.0001183,0,0.0001183,0
0.0001184,0,0.0001184,0
0.0001185,0,0.0001185,0
0.0001186,0,0.0001186,0
0.0001187,0,0.0001187,0
0.0001188,0,0.0001188,0
0.0001189,0,0.0001189,0
0.000119,0,0.000119,0
0.0001191,0,0.0001191,0
0.0001192,0,0.0001192,0
0.0001193,0,0.0001193,0
0.0001194,0,0.0001194,0
0.0001195,0,0.0001195,0
0.0001196,0,0.0001196,0
0.0001197,0,0.0001197,0
0.0001198,0,0.0001198,0
0.0001199,0,0.0001199,0
0.00012,0,0.00012,0
0.0001201,0,0.0001201,0
0.0001202,0,0.0001202,0
0.0001203,0,0.0001203,0
0.0001204,0,0.0001204,0
0.0001205,0,0.0001205,0
0.0001206,0,0.0001206,0
0.0001207,0,0.0001207,0
0.0001208,0,0.0001208,0
0.0001209,0,0.0001209,0
0.000121,0,0.000121,0
0.0001211,0,0.0001211,0
0.0001212,0,0.0001212,0
0.0001213,0,0.0001213,0
0.0001214,0,0.0001214,0
0.0001215,0,0.0001215,0
0.0001216,0,0.0001216,0
0.0001217,0,0.0001217,0
0.0001218,0,0.0001218,0
0.0001219,0,0.0001219,0
0.000122,0,0.000122,0
0.0001221,0,0.0001221,0
0.0001222,0,0.0001222,0
0.0001223,0,0.0001223,0
0.0001224,0,0.0001224,0
0.0001225,0,0.0001225,0
0.0001226,0,0.0001226,0
0.0001227,0,0.0001227,0
0.0001228,0,0.0001228,0
0.0001229,0,0.0001229,0
0.000123,0,0.000123,0
0.0001231,0,0.0001231,0
0.0001232,0,0.0001232,0
0.0001233,0,0.0001233,0
0.0001234,0,0.0001234,0
0.0001235,0,0.0001235,0
0.0001236,0,0.0001236,0
0.0001237,0,0.0001237,0
0.0001238,0,0.0001238,0
0.0001239,0,0.0001239,0
0.000124,0,0.000124,0
0.0001241,0,0.0001241,0
0.0001242,0,0.0001242,0
0.0001243,0,0.0001243,0
0.0001244,0,0.0001244,0
0.0001245,0,0.0001245,0
0.0001246,0,0.0001246,0
0.0001247,0,0.0001247,0
0.0001248,0,0.0001248,0
0.0001249,0,0.0001249,0
0.000125,0,0.000125,0
0.0001251,0,0.0001251,0
0.0001252,0,0.0001252,0
0.0001253,0,0.0001253,0
0.0001254,0,0.0001254,0
0.0001255,0,0.0001255,0
0.0001256,0,0.0001256,0
0.0001257,0,0.0001257,0
0.0001258,0,0.0001258,0
0.0001259,0,0.0001259,0
0.000126,0,0.000126,0
0.0001261,0,0.0001261,0
0.0001262,0,0.0001262,0
0.0001263,0,0.0001263,0
0.0001264,0,0.0001264,0
0.0001265,0,0.0001265,0
0.0001266,0,0.0001266,0
0.0001267,0,0.0001267,0
0.0001268,0,0.0001268,0
0.0001269,0,0.0001269,0
0.000127,0,0.000127,0
0.0001271,0,0.0001271,0
0.0001272,0,0.0001272,0
0.0001273,0,0.0001273,0
0.0001274,0,0.0001274,0
0.0001275,0,0.0001275,0
0.0001276,0,0.0001276,0
0.0001277,0,0.0001277,0
0.0001278,0,0.0001278,0
0.0001279,0,0.0001279,0
0.000128,0,0.000128,0
0.0001281,0,0.0001281,0
0.0001282,0,0.0001282,0
0.0001283,0,0.0001283,0
0.0001284,0,0.0001284,0
0.0001285,0,0.0001285,0
0.0001286,0,0.0001286,0
0.0001287,0,0.0001287,0
0.0001288,0,0.0001288,0
0.0001289,0,0.0001289,0
0.000129,0,0.000129,0
0.0001291,0,0.0001291,0
0.0001292,0,0.0001292,0
0.0001293,0,0.0001293,0
0.0001294,0,0.0001294,0
0.0001295,0,0.0001295,0
0.0001296,0,0.0001296,0
0.0001297,0,0.0001297,0
0.0001298,0,0.0001298,0
0.0001299,0,0.0001299,0
0.00013,0,0.00013,0
0.0001301,0,0.0001301,0
0.0001302,0,0.0001302,0
0.0001303,0,0.0001303,0
0.0001304,0,0.0001304,0
0.0001305,0,0.0001305,0
0.0001306,0,0.0001306,0
0.0001307,0,0.0001307,0
0.0001308,0,0.0001308,0
0.0001309,0,0.0001309,0
0.000131,0,0.000131,0
0.0001311,0,0.0001311,0
0.0001312,0,0.0001312,0
0.0001313,0,0.0001313,0
0.0001314,0,0.0001314,0
0.0001315,0,0.0001315,0
0.0001316,0,0.0001316,0
0.0001317,0,0.0001317,0
0.0001318,0,0.0001318,0
0.0001319,0,0.0001319,0
0.000132,0,0.000132,0
0.0001321,0,0.0001321,0
0.0001322,0,0.0001322,0
0.0001323,0,0.0001323,0
0.0001324,0,0.0001324,0
0.0001325,0,0.0001325,0
0.0001326,0,0.0001326,0
0.0001327,0,0.0001327,0
0.0001328,0,0.0001328,0
0.0001329,0,0.0001329,0
0.000133,0,0.000133,0
0.0001331,0,0.0001331,0
0.0001332,0,0.0001332,0
0.0001333,0,0.0001333,0
0.0001334,0,0.0001334,0
0.0001335,0,0.0001335,0
0.0001336,0,0.0001336,0
0.0001337,0,0.0001337,0
0.0001338,0,0.0001338,0
0.0001339,0,0.0001339,0
0.000134,0,0.000134,0
0.0001341,0,0.0001341,0
0.0001342,0,0.0001342,0
0.0001343,0,0.0001343,0
0.0001344,0,0.0001344,0
0.0001345,0,0.0001345,0
0.0001346,0,0.0001346,0
0.0001347,0,0.0001347,0
0.0001348,0,0.0001348,0
0.0001349,0,0.0001349,0
0.000135,0,0.000135,0
0.0001351,0,0.0001351,0
0.0001352,0,0.0001352,0
0.0001353,0,0.0001353,0
0.0001354,0,0.0001354,0
0.0001355,0,0.0001355,0
0.0001356,0,0.0001356,0
0.0001357,0,0.0001357,0
0.0001358,0,0.0001358,0
0.0001359,0,0.0001359,0
0.000136,0,0.000136,0
0.0001361,0,0.0001361,0
0.0001362,0,0.0001362,0
0.0001363,0,0.0001363,0
0.0001364,0,0.0001364,0
0.0001365,0,0.0001365,0
0.0001366,0,0.0001366,0
0.0001367,0,0.0001367,0
0.0001368,0,0.0001368,0
0.0001369,0,0.0001369,0
0.000137,0,0.000137,0
0.0001371,0,0.0001371,0
0.0001372,0,0.0001372,0
0.0001373,0,0.0001373,0
0.0001374,0,0.0001374,0
0.0001375,0,0.0001375,0
0.0001376,0,0.0001376,0
0.0001377,0,0.0001377,0
0.0001378,0,0.0001378,0
0.0001379,0,0.0001379,0
0.000138,0,0.000138,0
0.0001381,0,0.0001381,0
0.0001382,0,0.0001382,0
0.0001383,0,0.0001383,0
0.0001384,0,0.0001384,0
0.0001385,0,0.0001385,0
0.0001386,0,0.0001386,0
0.0001387,0,0.0001387,0
0.0001388,0,0.0001388,0
0.0001389,0,0.0001389,0
0.000139,0,0.000139,0
0.0001391,0,0.0001391,0
0.0001392,0,0.0001392,0
0.0001393,0,0.0001393,0
0.0001394,0,0.0001394,0
0.0001395,0,0.0001395,0
0.0001396,0,0.0001396,0
0.0001397,0,0.0001397,0
0.0001398,0,0.0001398,0
0.0001399,0,0.0001399,0
0.00014,0,0.00014,0
0.0001401,0,0.0001401,0
0.0001402,0,0.0001402,0
0.0001403,0,0.0001403,0
0.0001404,0,0.0001404,0
0.0001405,0,0.0001405,0
0.0001406,0,0.0001406,0
0.0001407,0,0.0001407,0
0.0001408,0,0.0001408,0
0.0001409,0,0.0001409,0
0.000141,0,0.000141,0
0.0001411,0,0.0001411,0
0.0001412,0,0.0001412,0
0.0001413,0,0.0001413,0
0.0001414,0,0.0001414,0
0.0001415,0,0.0001415,0
0.0001416,0,0.0001416,0
0.0001417,0,0.0001417,0
0.0001418,0,0.0001418,0
0.0001419,0,0.0001419,0
0.000142,0,0.000142,0
0.0001421,0,0.0001421,0
0.0001422,0,0.0001422,0
0.0001423,0,0.0001423,0
0.0001424,0,0.0001424,0
0.0001425,0,0.0001425,0
0.0001426,0,0.0001426,0
0.0001427,0,0.0001427,0
0.0001428,0,0.0001428,0
0.0001429,0,0.0001429,0
0.000143,0,0.000143,0
0.0001431,0,0.0001431,0
0.0001432,0,0.0001432,0
0.0001433,0,0.0001433,0
0.0001434,0,0.0001434,0
0.0001435,0,0.0001435,0
0.0001436,0,0.0001436,0
0.0001437,0,0.0001437,0
0.0001438,0,0.0001438,0
0.0001439,0,0.0001439,0
0.000144,0,0.000144,0
0.0001441,0,0.0001441,0
0.0001442,0,0.0001442,0
0.0001443,0,0.0001443,0
0.0001444,0,0.0001444,0
0.0001445,0,0.0001445,0
0.0001446,0,0.0001446,0
0.0001447,0,0.0001447,0
0.0001448,0,0.0001448,0
0.0001449,0,0.0001449,0
0.000145,0,0.000145,0
0.0001451,0,0.0001451,0
0.0001452,0,0.0001452,0
0.0001453,0,0.0001453,0
0.0001454,0,0.0001454,0
0.0001455,0,0.0001455,0
0.0001456,0,0.0001456,0
0.0001457,0,0.0001457,0
0.0001458,0,0.0001458,0
0.0001459,0,0.0001459,0
0.000146,0,0.000146,0
0.0001461,0,0.0001461,0
0.0001462,0,0.0001462,0
0.0001463,0,0.0001463,0
0.0001464,0,0.0001464,0
0.0001465,0,0.0001465,0
0.0001466,0,0.0001466,0
0.0001467,0,0.0001467,0
0.0001468,0,0.0001468,0
0.0001469,0,0.0001469,0
0.000147,0,0.000147,0
0.0001471,0,0.0001471,0
0.0001472,0,0.0001472,0
0.0001473,0,0.0001473,0
0.0001474,0,0.0001474,0
0.0001475,0,0.0001475,0
0.0001476,0,0.0001476,0
0.0001477,0,0.0001477,0
0.0001478,0,0.0001478,0
0.0001479,0,0.0001479,0
0.000148,0,0.000148,0
0.0001481,0,0.0001481,0
0.0001482,0,0.0001482,0
0.0001483,0,0.0001483,0
0.0001484,0,0.0001484,0
0.0001485,0,0.0001485,0
0.0001486,0,0.0001486,0
0.0001487,0,0.0001487,0
0.0001488,0,0.0001488,0
0.0001489,0,0.0001489,0
0.000149,0,0.000149,0
0.0001491,0,0.0001491,0
0.0001492,0,0.0001492,0
0.0001493,0,0.0001493,0
0.0001494,0,0.0001494,0
0.0001495,0,0.0001495,0
0.0001496,0,0.0001496,0
0.0001497,0,0.0001497,0
0.0001498,0,0.0001498,0
0.0001499,0,0.0001499,0
0.00015,0,0.00015,0
0.0001501,0,0.0001501,0
0.0001502,0,0.0001502,0
0.0001503,0,0.0001503,0
0.0001504,0,0.0001504,0
0.0001505,0,0.0001505,0
0.0001506,0,0.0001506,0
0.0001507,0,0.0001507,0
0.0001508,0,0.0001508,0
0.0001509,0,0.0001509,0
0.000151,0,0.000151,0
0.0001511,0,0.0001511,0
0.0001512,0,0.0001512,0
0.0001513,0,0.0001513,0
0.0001514,0,0.0001514,0
0.0001515,0,0.0001515,0
0.0001516,0,0.0001516,0
0.0001517,0,0.0001517,0
0.0001518,0,0.0001518,0
0.0001519,0,0.0001519,0
0.000152,0,0.000152,0
0.0001521,0,0.0001521,0
0.0001522,0,0.0001522,0
0.0001523,0,0.0001523,0
0.0001524,0,0.0001524,0
0.0001525,0,0.0001525,0
0.0001526,0,0.0001526,0
0.0001527,0,0.0001527,0
0.0001528,0,0.0001528,0
0.0001529,0,0.0001529,0
0.000153,0,0.000153,0
0.0001531,0,0.0001531,0
0.0001532,0,0.0001532,0
0.0001533,0,0.0001533,0
0.0001534,0,0.0001534,0
0.0001535,0,0.0001535,0
0.0001536,0,0.0001536,0
0.0001537,0,0.0001537,0
0.0001538,0,0.0001538,0
0.0001539,0,0.0001539,0
0.000154,0,0.000154,0
0.0001541,0,0.0001541,0
0.0001542,0,0.0001542,0
0.0001543,0,0.0001543,0
0.0001544,0,0.0001544,0
0.0001545,0,0.0001545,0
0.0001546,0,0.0001546,0
0.0001547,0,0.0001547,0
0.0001548,0,0.0001548,0
0.0001549,0,0.0001549,0
0.000155,0,0.000155,0
0.0001551,0,0.0001551,0
0.0001552,0,0.0001552,0
0.0001553,0,0.0001553,0
0.0001554,0,0.0001554,0
0.0001555,0,0.0001555,0
0.0001556,0,0.0001556,0
0.0001557,0,0.0001557,0
0.0001558,0,0.0001558,0
0.0001559,0,0.0001559,0
0.000156,0,0.000156,0
0.0001561,0,0.0001561,0
0.0001562,0,0.0001562,0
0.0001563,0,0.0001563,0
0.0001564,0,0.0001564,0
0.0001565,0,0.0001565,0
0.0001566,0,0.0001566,0
0.0001567,0,0.0001567,0
0.0001568,0,0.0001568,0
0.0001569,0,0.0001569,0
0.000157,0,0.000157,0
0.0001571,0,0.0001571,0
0.0001572,0,0.0001572,0
0.0001573,0,0.0001573,0
0.0001574,0,0.0001574,0
0.0001575,0,0.0001575,0
0.0001576,0,0.0001576,0
0.0001577,0,0.0001577,0
0.0001578,0,0.0001578,0
0.0001579,0,0.0001579,0
0.000158,0,0.000158,0
0.0001581,0,0.0001581,0
0.0001582,0,0.0001582,0
0.0001583,0,0.0001583,0
0.0001584,0,0.0001584,0
0.0001585,0,0.0001585,0
0.0001586,0,0.0001586,0
0.0001587,0,0.0001587,0
0.0001588,0,0.0001588,0
0.0001589,0,0.0001589,0
0.000159,0,0.000159,0
0.0001591,0,0.0001591,0
0.0001592,0,0.0001592,0
0.0001593,0,0.0001593,0
0.0001594,0,0.0001594,0
0.0001595,0,0.0001595,0
0.0001596,0,0.0001596,0
0.0001597,0,0.0001597,0
0.0001598,0,0.0001598,0
0.0001599,0,0.0001599,0
0.00016,0,0.00016,0
0.0001601,0,0.0001601,0
0.0001602,0,0.0001602,0
0.0001603,0,0.0001603,0
0.0001604,0,0.0001604,0
0.0001605,0,0.0001605,0
0.0001606,0,0.0001606,0
0.0001607,0,0.0001607,0
0.0001608,0,0.0001608,0
0.0001609,0,0.0001609,0
0.000161,0,0.000161,0
0.0001611,0,0.0001611,0
0.0001612,0,0.0001612,0
0.0001613,0,0.0001613,0
0.0001614,0,0.0001614,0
0.0001615,0,0.0001615,0
0.0001616,0,0.0001616,0
0.0001617,0,0.0001617,0
0.0001618,0,0.0001618,0
0.0001619,0,0.0001619,0
0.000162,0,0.000162,0
0.0001621,0,0.0001621,0
0.0001622,0,0.0001622,0
0.0001623,0,0.0001623,0
0.0001624,0,0.0001624,0
0.0001625,0,0.0001625,0
0.0001626,0,0.0001626,0
0.0001627,0,0.0001627,0
0.0001628,0,0.0001628,0
0.0001629,0,0.0001629,0
0.000163,0,0.000163,0
0.0001631,0,0.0001631,0
0.0001632,0,0.0001632,0
0.0001633,0,0.0001633,0
0.0001634,0,0.0001634,0
0.0001635,0,0.0001635,0
0.0001636,0,0.0001636,0
0.0001637,0,0.0001637,0
0.0001638,0,0.0001638,0
0.0001639,0,0.0001639,0
0.000164,0,0.000164,0
0.0001641,0,0.0001641,0
0.0001642,0,0.0001642,0
0.0001643,0,0.0001643,0
0.0001644,0,0.0001644,0
0.0001645,0,0.0001645,0
0.0001646,0,0.0001646,0
0.0001647,0,0.0001647,0
0.0001648,0,0.0001648,0
0.0001649,0,0.0001649,0
0.000165,0,0.000165,0
0.0001651,0,0.0001651,0
0.0001652,0,0.0001652,0
0.0001653,0,0.0001653,0
0.0001654,0,0.0001654,0
0.0001655,0,0.0001655,0
0.0001656,0,0.0001656,0
0.0001657,0,0.0001657,0
0.0001658,0,0.0001658,0
0.0001659,0,0.0001659,0
0.000166,0,0.000166,0
0.0001661,0,0.0001661,0
0.0001662,0,0.0001662,0
0.0001663,0,0.0001663,0
0.0001664,0,0.0001664,0
0.0001665,0,0.0001665,0
0.0001666,0,0.0001666,0
0.0001667,0,0.0001667,0
0.0001668,0,0.0001668,0
0.0001669,0,0.0001669,0
0.000167,0,0.000167,0
0.0001671,0,0.0001671,0
0.0001672,0,0.0001672,0
0.0001673,0,0.0001673,0
0.0001674,0,0.0001674,0
0.0001675,0,0.0001675,0
0.0001676,0,0.0001676,0
0.0001677,0,0.0001677,0
0.0001678,0,0.0001678,0
0.0001679,0,0.0001679,0
0.000168,0,0.000168,0
0.0001681,0,0.0001681,0
0.0001682,0,0.0001682,0
0.0001683,0,0.0001683,0
0.0001684,0,0.0001684,0
0.0001685,0,0.0001685,0
0.0001686,0,0.0001686,0
0.0001687,0,0.0001687,0
0.0001688,0,0.0001688,0
0.0001689,0,0.0001689,0
0.000169,0,0.000169,0
0.0001691,0,0.0001691,0
0.0001692,0,0.0001692,0
0.0001693,0,0.0001693,0
0.0001694,0,0.0001694,0
0.0001695,0,0.0001695,0
0.0001696,0,0.0001696,0
0.0001697,0,0.0001697,0
0.0001698,0,0.0001698,0
0.0001699,0,0.0001699,0
0.00017,0,0.00017,0
0.0001701,0,0.0001701,0
0.0001702,0,0.0001702,0
0.0001703,0,0.0001703,0
0.0001704,0,0.0001704,0
0.0001705,0,0.0001705,0
0.0001706,0,0.0001706,0
0.0001707,0,0.0001707,0
0.0001708,0,0.0001708,0
0.0001709,0,0.0001709,0
0.000171,0,0.000171,0
0.0001711,0,0.0001711,0
0.0001712,0,0.0001712,0
0.0001713,0,0.0001713,0
0.0001714,0,0.0001714,0
0.0001715,0,0.0001715,0
0.0001716,0,0.0001716,0
0.0001717,0,0.0001717,0
0.0001718,0,0.0001718,0
0.0001719,0,0.0001719,0
0.000172,0,0.000172,0
0.0001721,0,0.0001721,0
0.0001722,0,0.0001722,0
0.0001723,0,0.0001723,0
0.0001724,0,0.0001724,0
0.0001725,0,0.0001725,0
0.0001726,0,0.0001726,0
0.0001727,0,0.0001727,0
0.0001728,0,0.0001728,0
0.0001729,0,0.0001729,0
0.000173,0,0.000173,0
0.0001731,0,0.0001731,0
0.0001732,0,0.0001732,0
0.0001733,0,0.0001733,0
0.0001734,0,0.0001734,0
0.0001735,0,0.0001735,0
0.0001736,0,0.0001736,0
0.0001737,0,0.0001737,0
0.0001738,0,0.0001738,0
0.0001739,0,0.0001739,0
0.000174,0,0.000174,0
0.0001741,0,0.0001741,0
0.0001742,0,0.0001742,0
0.0001743,0,0.0001743,0
0.0001744,0,0.0001744,0
0.0001745,0,0.0001745,0
0.0001746,0,0.0001746,0
0.0001747,0,0.0001747,0
0.0001748,0,0.0001748,0
0.0001749,0,0.0001749,0
0.000175,0,0.000175,0
0.0001751,0,0.0001751,0
0.0001752,0,0.0001752,0
0.0001753,0,0.0001753,0
0.0001754,0,0.0001754,0
0.0001755,0,0.0001755,0
0.0001756,0,0.0001756,0
0.0001757,0,0.0001757,0
0.0001758,0,0.0001758,0
0.0001759,0,0.0001759,0
0.000176,0,0.000176,0
0.0001761,0,0.0001761,0
0.0001762,0,0.0001762,0
0.0001763,0,0.0001763,0
0.0001764,0,0.0001764,0
0.0001765,0,0.0001765,0
0.0001766,0,0.0001766,0
0.0001767,0,0.0001767,0
0.0001768,0,0.0001768,0
0.0001769,0,0.0001769,0
0.000177,0,0.000177,0
0.0001771,0,0.0001771,0
0.0001772,0,0.0001772,0
0.0001773,0,0.0001773,0
0.0001774,0,0.0001774,0
0.0001775,0,0.0001775,0
0.0001776,0,0.0001776,0
0.0001777,0,0.0001777,0
0.0001778,0,0.0001778,0
0.0001779,0,0.0001779,0
0.000178,0,0.000178,0
0.0001781,0,0.0001781,0
0.0001782,0,0.0001782,0
0.0001783,0,0.0001783,0
0.0001784,0,0.0001784,0
0.0001785,0,0.0001785,0
0.0001786,0,0.0001786,0
0.0001787,0,0.0001787,0
0.0001788,0,0.0001788,0
0.0001789,0,0.0001789,0
0.000179,0,0.000179,0
0.0001791,0,0.0001791,0
0.0001792,0,0.0001792,0
0.0001793,0,0.0001793,0
0.0001794,0,0.0001794,0
0.0001795,0,0.0001795,0
0.0001796,0,0.0001796,0
0.0001797,0,0.0001797,0
0.0001798,0,0.0001798,0
0.0001799,0,0.0001799,0
0.00018,0,0.00018,0
0.0001801,0,0.0001801,0
0.0001802,0,0.0001802,0
0.0001803,0,0.0001803,0
0.0001804,0,0.0001804,0
0.0001805,0,0.0001805,0
0.0001806,0,0.0001806,0
0.0001807,0,0.0001807,0
0.0001808,0,0.0001808,0
0.0001809,0,0.0001809,0
0.000181,0,0.000181,0
0.0001811,0,0.0001811,0
0.0001812,0,0.0001812,0
0.0001813,0,0.0001813,0
0.0001814,0,0.0001814,0
0.0001815,0,0.0001815,0
0.0001816,0,0.0001816,0
0.0001817,0,0.0001817,0
0.0001818,0,0.0001818,0
0.0001819,0,0.0001819,0
0.000182,0,0.000182,0
0.0001821,0,0.0001821,0
0.0001822,0,0.0001822,0
0.0001823,0,0.0001823,0
0.0001824,0,0.0001824,0
0.0001825,0,0.0001825,0
0.0001826,0,0.0001826,0
0.0001827,0,0.0001827,0
0.0001828,0,0.0001828,0
0.0001829,0,0.0001829,0
0.000183,0,0.000183,0
0.0001831,0,0.0001831,0
0.0001832,0,0.0001832,0
0.0001833,0,0.0001833,0
0.0001834,0,0.0001834,0
0.0001835,0,0.0001835,0
0.0001836,0,0.0001836,0
0.0001837,0,0.0001837,0
0.0001838,0,0.0001838,0
0.0001839,0,0.0001839,0
0.000184,0,0.000184,0
0.0001841,0,0.0001841,0
0.0001842,0,0.0001842,0
0.0001843,0,0.0001843,0
0.0001844,0,0.0001844,0
0.0001845,0,0.0001845,0
0.0001846,0,0.0001846,0
0.0001847,0,0.0001847,0
0.0001848,0,0.0001848,0
0.0001849,0,0.0001849,0
0.000185,0,0.000185,0
0.0001851,0,0.0001851,0
0.0001852,0,0.0001852,0
0.0001853,0,0.0001853,0
0.0001854,0,0.0001854,0
0.0001855,0,0.0001855,0
0.0001856,0,0.0001856,0
0.0001857,0,0.0001857,0
0.0001858,0,0.0001858,0
0.0001859,0,0.0001859,0
0.000186,0,0.000186,0
0.0001861,0,0.0001861,0
0.0001862,0,0.0001862,0
0.0001863,0,0.0001863,0
0.0001864,0,0.0001864,0
0.0001865,0,0.0001865,0
0.0001866,0,0.0001866,0
0.0001867,0,0.0001867,0
0.0001868,0,0.0001868,0
0.0001869,0,0.0001869,0
0.000187,0,0.000187,0
0.0001871,0,0.0001871,0
0.0001872,0,0.0001872,0
0.0001873,0,0.0001873,0
0.0001874,0,0.0001874,0
0.0001875,0,0.0001875,0
0.0001876,0,0.0001876,0
0.0001877,0,0.0001877,0
0.0001878,0,0.0001878,0
0.0001879,0,0.0001879,0
0.000188,0,0.000188,0
0.0001881,0,0.0001881,0
0.0001882,0,0.0001882,0
0.0001883,0,0.0001883,0
0.0001884,0,0.0001884,0
0.0001885,0,0.0001885,0
0.0001886,0,0.0001886,0
0.0001887,0,0.0001887,0
0.0001888,0,0.0001888,0
0.0001889,0,0.0001889,0
0.000189,0,0.000189,0
0.0001891,0,0.0001891,0
0.0001892,0,0.0001892,0
0.0001893,0,0.0001893,0
0.0001894,0,0.0001894,0
0.0001895,0,0.0001895,0
0.0001896,0,0.0001896,0
0.0001897,0,0.0001897,0
0.0001898,0,0.0001898,0
0.0001899,0,0.0001899,0
0.00019,0,0.00019,0
0.0001901,0,0.0001901,0
0.0001902,0,0.0001902,0
0.0001903,0,0.0001903,0
0.0001904,0,0.0001904,0
0.0001905,0,0.0001905,0
0.0001906,0,0.0001906,0
0.0001907,0,0.0001907,0
0.0001908,0,0.0001908,0
0.0001909,0,0.0001909,0
0.000191,0,0.000191,0
0.0001911,0,0.0001911,0
0.0001912,0,0.0001912,0
0.0001913,0,0.0001913,0
0.0001914,0,0.0001914,0
0.0001915,0,0.0001915,0
0.0001916,0,0.0001916,0
0.0001917,0,0.0001917,0
0.0001918,0,0.0001918,0
0.0001919,0,0.0001919,0
0.000192,0,0.000192,0
0.0001921,0,0.0001921,0
0.0001922,0,0.0001922,0
0.0001923,0,0.0001923,0
0.0001924,0,0.0001924,0
0.0001925,0,0.0001925,0
0.0001926,0,0.0001926,0
0.0001927,0,0.0001927,0
0.0001928,0,0.0001928,0
0.0001929,0,0.0001929,0
0.000193,0,0.000193,0
0.0001931,0,0.0001931,0
0.0001932,0,0.0001932,0
0.0001933,0,0.0001933,0
0.0001934,0,0.0001934,0
0.0001935,0,0.0001935,0
0.0001936,0,0.0001936,0
0.0001937,0,0.0001937,0
0.0001938,0,0.0001938,0
0.0001939,0,0.0001939,0
0.000194,0,0.000194,0
0.0001941,0,0.0001941,0
0.0001942,0,0.0001942,0
0.0001943,0,0.0001943,0
0.0001944,0,0.0001944,0
0.0001945,0,0.0001945,0
0.0001946,0,0.0001946,0
0.0001947,0,0.0001947,0
0.0001948,0,0.0001948,0
0.0001949,0,0.0001949,0
0.000195,0,0.000195,0
0.0001951,0,0.0001951,0
0.0001952,0,0.0001952,0
0.0001953,0,0.0001953,0
0.0001954,0,0.0001954,0
0.0001955,0,0.0001955,0
0.0001956,0,0.0001956,0
0.0001957,0,0.0001957,0
0.0001958,0,0.0001958,0
0.0001959,0,0.0001959,0
0.000196,0,0.000196,0
0.0001961,0,0.0001961,0
0.0001962,0,0.0001962,0
0.0001963,0,0.0001963,0
0.0001964,0,0.0001964,0
0.0001965,0,0.0001965,0
0.0001966,0,0.0001966,0
0.0001967,0,0.0001967,0
0.0001968,0,0.0001968,0
0.0001969,0,0.0001969,0
0.000197,0,0.000197,0
0.0001971,0,0.0001971,0
0.0001972,0,0.0001972,0
0.0001973,0,0.0001973,0
0.0001974,0,0.0001974,0
0.0001975,0,0.0001975,0
0.0001976,0,0.0001976,0
0.0001977,0,0.0001977,0
0.0001978,0,0.0001978,0
0.0001979,0,0.0001979,0
0.000198,0,0.000198,0
0.0001981,0,0.0001981,0
0.0001982,0,0.0001982,0
0.0001983,0,0.0001983,0
0.0001984,0,0.0001984,0
0.0001985,0,0.0001985,0
0.0001986,0,0.0001986,0
0.0001987,0,0.0001987,0
0.0001988,0,0.0001988,0
0.0001989,0,0.0001989,0
0.000199,0,0.000199,0
0.0001991,0,0.0001991,0
0.0001992,0,0.0001992,0
0.0001993,0,0.0001993,0
0.0001994,0,0.0001994,0
0.0001995,0,0.0001995,0
0.0001996,0,0.0001996,0
0.0001997,0,0.0001997,0
0.0001998,0,0.0001998,0
0.0001999,0,0.0001999,0
0.0002,0,0.0002,0
0.0002001,0,0.0002001,0
0.0002002,0,0.0002002,0
0.0002003,0,0.0002003,0
0.0002004,0,0.0002004,0
0.0002005,0,0.0002005,0
0.0002006,0,0.0002006,0
0.0002007,0,0.0002007,0
0.0002008,0,0.0002008,0
0.0002009,0,0.0002009,0
0.000201,0,0.000201,0
0.0002011,0,0.0002011,0
0.0002012,0,0.0002012,0
0.0002013,0,0.0002013,0
0.0002014,0,0.0002014,0
0.0002015,0,0.0002015,0
0.0002016,0,0.0002016,0
0.0002017,0,0.0002017,0
0.0002018,0,0.0002018,0
0.0002019,0,0.0002019,0
0.000202,0,0.000202,0
0.0002021,0,0.0002021,0
0.0002022,0,0.0002022,0
0.0002023,0,0.0002023,0
0.0002024,0,0.0002024,0
0.0002025,0,0.0002025,0
0.0002026,0,0.0002026,0
0.0002027,0,0.0002027,0
0.0002028,0,0.0002028,0
0.0002029,0,0.0002029,0
0.000203,0,0.000203,0
0.0002031,0,0.0002031,0
0.0002032,0,0.0002032,0
0.0002033,0,0.0002033,0
0.0002034,0,0.0002034,0
0.0002035,0,0.0002035,0
0.0002036,0,0.0002036,0
0.0002037,0,0.0002037,0
0.0002038,0,0.0002038,0
0.0002039,0,0.0002039,0
0.000204,0,0.000204,0
0.0002041,0,0.0002041,0
0.0002042,0,0.0002042,0
0.0002043,0,0.0002043,0
0.0002044,0,0.0002044,0
0.0002045,0,0.0002045,0
0.0002046,0,0.0002046,0
0.0002047,0,0.0002047,0
0.0002048,0,0.0002048,0
0.0002049,0,0.0002049,0
0.000205,0,0.000205,0
0.0002051,0,0.0002051,0
0.0002052,0,0.0002052,0
0.0002053,0,0.0002053,0
0.0002054,0,0.0002054,0
0.0002055,0,0.0002055,0
0.0002056,0,0.0002056,0
0.0002057,0,0.0002057,0
0.0002058,0,0.0002058,0
0.0002059,0,0.0002059,0
0.000206,0,0.000206,0
0.0002061,0,0.0002061,0
0.0002062,0,0.0002062,0
0.0002063,0,0.0002063,0
0.0002064,0,0.0002064,0
0.0002065,0,0.0002065,0
0.0002066,0,0.0002066,0
0.0002067,0,0.0002067,0
0.0002068,0,0.0002068,0
0.0002069,0,0.0002069,0
0.000207,0,0.000207,0
0.0002071,0,0.0002071,0
0.0002072,0,0.0002072,0
0.0002073,0,0.0002073,0
0.0002074,0,0.0002074,0
0.0002075,0,0.0002075,0
0.0002076,0,0.0002076,0
0.0002077,0,0.0002077,0
0.0002078,0,0.0002078,0
0.0002079,0,0.0002079,0
0.000208,0,0.000208,0
0.0002081,0,0.0002081,0
0.0002082,0,0.0002082,0
0.0002083,0,0.0002083,0
0.0002084,0,0.0002084,0
0.0002085,0,0.0002085,0
0.0002086,0,0.0002086,0
0.0002087,0,0.0002087,0
0.0002088,0,0.0002088,0
0.0002089,0,0.0002089,0
0.000209,0,0.000209,0
0.0002091,0,0.0002091,0
0.0002092,0,0.0002092,0
0.0002093,0,0.0002093,0
0.0002094,0,0.0002094,0
0.0002095,0,0.0002095,0
0.0002096,0,0.0002096,0
0.0002097,0,0.0002097,0
0.0002098,0,0.0002098,0
0.0002099,0,0.0002099,0
0.00021,0,0.00021,0
0.0002101,0,0.0002101,0
0.0002102,0,0.0002102,0
0.0002103,0,0.0002103,0
0.0002104,0,0.0002104,0
0.0002105,0,0.0002105,0
0.0002106,0,0.0002106,0
0.0002107,0,0.0002107,0
0.0002108,0,0.0002108,0
0.0002109,0,0.0002109,0
0.000211,0,0.000211,0
0.0002111,0,0.0002111,0
0.0002112,0,0.0002112,0
0.0002113,0,0.0002113,0
0.0002114,0,0.0002114,0
0.0002115,0,0.0002115,0
0.0002116,0,0.0002116,0
0.0002117,0,0.0002117,0
0.0002118,0,0.0002118,0
0.0002119,0,0.0002119,0
0.000212,0,0.000212,0
0.0002121,0,0.0002121,0
0.0002122,0,0.0002122,0
0.0002123,0,0.0002123,0
0.0002124,0,0.0002124,0
0.0002125,0,0.0002125,0
0.0002126,0,0.0002126,0
0.0002127,0,0.0002127,0
0.0002128,0,0.0002128,0
0.0002129,0,0.0002129,0
0.000213,0,0.000213,0
0.0002131,0,0.0002131,0
0.0002132,0,0.0002132,0
0.0002133,0,0.0002133,0
0.0002134,0,0.0002134,0
0.0002135,0,0.0002135,0
0.0002136,0,0.0002136,0
0.0002137,0,0.0002137,0
0.0002138,0,0.0002138,0
0.0002139,0,0.0002139,0
0.000214,0,0.000214,0
0.0002141,0,0.0002141,0
0.0002142,0,0.0002142,0
0.0002143,0,0.0002143,0
0.0002144,0,0.0002144,0
0.0002145,0,0.0002145,0
0.0002146,0,0.0002146,0
0.0002147,0,0.0002147,0
0.0002148,0,0.0002148,0
0.0002149,0,0.0002149,0
0.000215,0,0.000215,0
0.0002151,0,0.0002151,0
0.0002152,0,0.0002152,0
0.0002153,0,0.0002153,0
0.0002154,0,0.0002154,0
0.0002155,0,0.0002155,0
0.0002156,0,0.0002156,0
0.0002157,0,0.0002157,0
0.0002158,0,0.0002158,0
0.0002159,0,0.0002159,0
0.000216,0,0.000216,0
0.0002161,0,0.0002161,0
0.0002162,0,0.0002162,0
0.0002163,0,0.0002163,0
0.0002164,0,0.0002164,0
0.0002165,0,0.0002165,0
0.0002166,0,0.0002166,0
0.0002167,0,0.0002167,0
0.0002168,0,0.0002168,0
0.0002169,0,0.0002169,0
0.000217,0,0.000217,0
0.0002171,0,0.0002171,0
0.0002172,0,0.0002172,0
0.0002173,0,0.0002173,0
0.0002174,0,0.0002174,0
0.0002175,0,0.0002175,0
0.0002176,0,0.0002176,0
0.0002177,0,0.0002177,0
0.0002178,0,0.0002178,0
0.0002179,0,0.0002179,0
0.000218,0,0.000218,0
0.0002181,0,0.0002181,0
0.0002182,0,0.0002182,0
0.0002183,0,0.0002183,0
0.0002184,0,0.0002184,0
0.0002185,0,0.0002185,0
0.0002186,0,0.0002186,0
0.0002187,0,0.0002187,0
0.0002188,0,0.0002188,0
0.0002189,0,0.0002189,0
0.000219,0,0.000219,0
0.0002191,0,0.0002191,0
0.0002192,0,0.0002192,0
0.0002193,0,0.0002193,0
0.0002194,0,0.0002194,0
0.0002195,0,0.0002195,0
0.0002196,0,0.0002196,0
0.0002197,0,0.0002197,0
0.0002198,0,0.0002198,0
0.0002199,0,0.0002199,0
0.00022,0,0.00022,0
0.0002201,0,0.0002201,0
0.0002202,0,0.0002202,0
0.0002203,0,0.0002203,0
0.0002204,0,0.0002204,0
0.0002205,0,0.0002205,0
0.0002206,0,0.0002206,0
0.0002207,0,0.0002207,0
0.0002208,0,0.0002208,0
0.0002209,0,0.0002209,0
0.000221,0,0.000221,0
0.0002211,0,0.0002211,0
0.0002212,0,0.0002212,0
0.0002213,0,0.0002213,0
0.0002214,0,0.0002214,0
0.0002215,0,0.0002215,0
0.0002216,0,0.0002216,0
0.0002217,0,0.0002217,0
0.0002218,0,0.0002218,0
0.0002219,0,0.0002219,0
0.000222,0,0.000222,0
0.0002221,0,0.0002221,0
0.0002222,0,0.0002222,0
0.0002223,0,0.0002223,0
0.0002224,0,0.0002224,0
0.0002225,0,0.0002225,0
0.0002226,0,0.0002226,0
0.0002227,0,0.0002227,0
0.0002228,0,0.0002228,0
0.0002229,0,0.0002229,0
0.000223,0,0.000223,0
0.0002231,0,0.0002231,0
0.0002232,0,0.0002232,0
0.0002233,0,0.0002233,0
0.0002234,0,0.0002234,0
0.0002235,0,0.0002235,0
0.0002236,0,0.0002236,0
0.0002237,0,0.0002237,0
0.0002238,0,0.0002238,0
0.0002239,0,0.0002239,0
0.000224,0,0.000224,0
0.0002241,0,0.0002241,0
0.0002242,0,0.0002242,0
0.0002243,0,0.0002243,0
0.0002244,0,0.0002244,0
0.0002245,0,0.0002245,0
0.0002246,0,0.0002246,0
0.0002247,0,0.0002247,0
0.0002248,0,0.0002248,0
0.0002249,0,0.0002249,0
0.000225,0,0.000225,0
0.0002251,0,0.0002251,0
0.0002252,0,0.0002252,0
0.0002253,0,0.0002253,0
0.0002254,0,0.0002254,0
0.0002255,0,0.0002255,0
0.0002256,0,0.0002256,0
0.0002257,0,0.0002257,0
0.0002258,0,0.0002258,0
0.0002259,0,0.0002259,0
0.000226,0,0.000226,0
0.0002261,0,0.0002261,0
0.0002262,0,0.0002262,0
0.0002263,0,0.0002263,0
0.0002264,0,0.0002264,0
0.0002265,0,0.0002265,0
0.0002266,0,0.0002266,0
0.0002267,0,0.0002267,0
0.0002268,0,0.0002268,0
0.0002269,0,0.0002269,0
0.000227,0,0.000227,0
0.0002271,0,0.0002271,0
0.0002272,0,0.0002272,0
0.0002273,0,0.0002273,0
0.0002274,0,0.0002274,0
0.0002275,0,0.0002275,0
0.0002276,0,0.0002276,0
0.0002277,0,0.0002277,0
0.0002278,0,0.0002278,0
0.0002279,0,0.0002279,0
0.000228,0,0.000228,0
0.0002281,0,0.0002281,0
0.0002282,0,0.0002282,0
0.0002283,0,0.0002283,0
0.0002284,0,0.0002284,0
0.0002285,0,0.0002285,0
0.0002286,0,0.0002286,0
0.0002287,0,0.0002287,0
0.0002288,0,0.0002288,0
0.0002289,0,0.0002289,0
0.000229,0,0.000229,0
0.0002291,0,0.0002291,0
0.0002292,0,0.0002292,0
0.0002293,0,0.0002293,0
0.0002294,0,0.0002294,0
0.0002295,0,0.0002295,0
0.0002296,0,0.0002296,0
0.0002297,0,0.0002297,0
0.0002298,0,0.0002298,0
0.0002299,0,0.0002299,0
0.00023,0,0.00023,0
0.0002301,0,0.0002301,0
0.0002302,0,0.0002302,0
0.0002303,0,0.0002303,0
0.0002304,0,0.0002304,0
0.0002305,0,0.0002305,0
0.0002306,0,0.0002306,0
0.0002307,0,0.0002307,0
0.0002308,0,0.0002308,0
0.0002309,0,0.0002309,0
0.000231,0,0.000231,0
0.0002311,0,0.0002311,0
0.0002312,0,0.0002312,0
0.0002313,0,0.0002313,0
0.0002314,0,0.0002314,0
0.0002315,0,0.0002315,0
0.0002316,0,0.0002316,0
0.0002317,0,0.0002317,0
0.0002318,0,0.0002318,0
0.0002319,0,0.0002319,0
0.000232,0,0.000232,0
0.0002321,0,0.0002321,0
0.0002322,0,0.0002322,0
0.0002323,0,0.0002323,0
0.0002324,0,0.0002324,0
0.0002325,0,0.0002325,0
0.0002326,0,0.0002326,0
0.0002327,0,0.0002327,0
0.0002328,0,0.0002328,0
0.0002329,0,0.0002329,0
0.000233,0,0.000233,0
0.0002331,0,0.0002331,0
0.0002332,0,0.0002332,0
0.0002333,0,0.0002333,0
0.0002334,0,0.0002334,0
0.0002335,0,0.0002335,0
0.0002336,0,0.0002336,0
0.0002337,0,0.0002337,0
0.0002338,0,0.0002338,0
0.0002339,0,0.0002339,0
0.000234,0,0.000234,0
0.0002341,0,0.0002341,0
0.0002342,0,0.0002342,0
0.0002343,0,0.0002343,0
0.0002344,0,0.0002344,0
0.0002345,0,0.0002345,0
0.0002346,0,0.0002346,0
0.0002347,0,0.0002347,0
0.0002348,0,0.0002348,0
0.0002349,0,0.0002349,0
0.000235,0,0.000235,0
0.0002351,0,0.0002351,0
0.0002352,0,0.0002352,0
0.0002353,0,0.0002353,0
0.0002354,0,0.0002354,0
0.0002355,0,0.0002355,0
0.0002356,0,0.0002356,0
0.0002357,0,0.0002357,0
0.0002358,0,0.0002358,0
0.0002359,0,0.0002359,0
0.000236,0,0.000236,0
0.0002361,0,0.0002361,0
0.0002362,0,0.0002362,0
0.0002363,0,0.0002363,0
0.0002364,0,0.0002364,0
0.0002365,0,0.0002365,0
0.0002366,0,0.0002366,0
0.0002367,0,0.0002367,0
0.0002368,0,0.0002368,0
0.0002369,0,0.0002369,0
0.000237,0,0.000237,0
0.0002371,0,0.0002371,0
0.0002372,0,0.0002372,0
0.0002373,0,0.0002373,0
0.0002374,0,0.0002374,0
0.0002375,0,0.0002375,0
0.0002376,0,0.0002376,0
0.0002377,0,0.0002377,0
0.0002378,0,0.0002378,0
0.0002379,0,0.0002379,0
0.000238,0,0.000238,0
0.0002381,0,0.0002381,0
0.0002382,0,0.0002382,0
0.0002383,0,0.0002383,0
0.0002384,0,0.0002384,0
0.0002385,0,0.0002385,0
0.0002386,0,0.0002386,0
0.0002387,0,0.0002387,0
0.0002388,0,0.0002388,0
0.0002389,0,0.0002389,0
0.000239,0,0.000239,0
0.0002391,0,0.0002391,0
0.0002392,0,0.0002392,0
0.0002393,0,0.0002393,0
0.0002394,0,0.0002394,0
0.0002395,0,0.0002395,0
0.0002396,0,0.0002396,0
0.0002397,0,0.0002397,0
0.0002398,0,0.0002398,0
0.0002399,0,0.0002399,0
0.00024,0,0.00024,0
0.0002401,0,0.0002401,0
0.0002402,0,0.0002402,0
0.0002403,0,0.0002403,0
0.0002404,0,0.0002404,0
0.0002405,0,0.0002405,0
0.0002406,0,0.0002406,0
0.0002407,0,0.0002407,0
0.0002408,0,0.0002408,0
0.0002409,0,0.0002409,0
0.000241,0,0.000241,0
0.0002411,0,0.0002411,0
0.0002412,0,0.0002412,0
0.0002413,0,0.0002413,0
0.0002414,0,0.0002414,0
0.0002415,0,0.0002415,0
0.0002416,0,0.0002416,0
0.0002417,0,0.0002417,0
0.0002418,0,0.0002418,0
0.0002419,0,0.0002419,0
0.000242,0,0.000242,0
0.0002421,0,0.0002421,0
0.0002422,0,0.0002422,0
0.0002423,0,0.0002423,0
0.0002424,0,0.0002424,0
0.0002425,0,0.0002425,0
0.0002426,0,0.0002426,0
0.0002427,0,0.0002427,0
0.0002428,0,0.0002428,0
0.0002429,0,0.0002429,0
0.000243,0,0.000243,0
0.0002431,0,0.0002431,0
0.0002432,0,0.0002432,0
0.0002433,0,0.0002433,0
0.0002434,0,0.0002434,0
0.0002435,0,0.0002435,0
0.0002436,0,0.0002436,0
0.0002437,0,0.0002437,0
0.0002438,0,0.0002438,0
0.0002439,0,0.0002439,0
0.000244,0,0.000244,0
0.0002441,0,0.0002441,0
0.0002442,0,0.0002442,0
0.0002443,0,0.0002443,0
0.0002444,0,0.0002444,0
0.0002445,0,0.0002445,0
0.0002446,0,0.0002446,0
0.0002447,0,0.0002447,0
0.0002448,0,0.0002448,0
0.0002449,0,0.0002449,0
0.000245,0,0.000245,0
0.0002451,0,0.0002451,0
0.0002452,0,0.0002452,0
0.0002453,0,0.0002453,0
0.0002454,0,0.0002454,0
0.0002455,0,0.0002455,0
0.0002456,0,0.0002456,0
0.0002457,0,0.0002457,0
0.0002458,0,0.0002458,0
0.0002459,0,0.0002459,0
0.000246,0,0.000246,0
0.0002461,0,0.0002461,0
0.0002462,0,0.0002462,0
0.0002463,0,0.0002463,0
0.0002464,0,0.0002464,0
0.0002465,0,0.0002465,0
0.0002466,0,0.0002466,0
0.0002467,0,0.0002467,0
0.0002468,0,0.0002468,0
0.0002469,0,0.0002469,0
0.000247,0,0.000247,0
0.0002471,0,0.0002471,0
0.0002472,0,0.0002472,0
0.0002473,0,0.0002473,0
0.0002474,0,0.0002474,0
0.0002475,0,0.0002475,0
0.0002476,0,0.0002476,0
0.0002477,0,0.0002477,0
0.0002478,0,0.0002478,0
0.0002479,0,0.0002479,0
0.000248,0,0.000248,0
0.0002481,0,0.0002481,0
0.0002482,0,0.0002482,0
0.0002483,0,0.0002483,0
0.0002484,0,0.0002484,0
0.0002485,0,0.0002485,0
0.0002486,0,0.0002486,0
0.0002487,0,0.0002487,0
0.0002488,0,0.0002488,0
0.0002489,0,0.0002489,0
0.000249,0,0.000249,0
0.0002491,0,0.0002491,0
0.0002492,0,0.0002492,0
0.0002493,0,0.0002493,0
0.0002494,0,0.0002494,0
0.0002495,0,0.0002495,0
0.0002496,0,0.0002496,0
0.0002497,0,0.0002497,0
0.0002498,0,0.0002498,0
0.0002499,0,0.0002499,0
0.00025,0,0.00025,0
0.0002501,0,0.0002501,0
0.0002502,0,0.0002502,0
0.0002503,0,0.0002503,0
0.0002504,0,0.0002504,0
0.0002505,0,0.0002505,0
0.0002506,0,0.0002506,0
0.0002507,0,0.0002507,0
0.0002508,0,0.0002508,0
0.0002509,0,0.0002509,0
0.000251,0,0.000251,0
0.0002511,0,0.0002511,0
0.0002512,0,0.0002512,0
0.0002513,0,0.0002513,0
0.0002514,0,0.0002514,0
0.0002515,0,0.0002515,0
0.0002516,0,0.0002516,0
0.0002517,0,0.0002517,0
0.0002518,0,0.0002518,0
0.0002519,0,0.0002519,0
0.000252,0,0.000252,0
0.0002521,0,0.0002521,0
0.0002522,0,0.0002522,0
0.0002523,0,0.0002523,0
0.0002524,0,0.0002524,0
0.0002525,0,0.0002525,0
0.0002526,0,0.0002526,0
0.0002527,0,0.0002527,0
0.0002528,0,0.0002528,0
0.0002529,0,0.0002529,0
0.000253,0,0.000253,0
0.0002531,0,0.0002531,0
0.0002532,0,0.0002532,0
0.0002533,0,0.0002533,0
0.0002534,0,0.0002534,0
0.0002535,0,0.0002535,0
0.0002536,0,0.0002536,0
0.0002537,0,0.0002537,0
0.0002538,0,0.0002538,0
0.0002539,0,0.0002539,0
0.000254,0,0.000254,0
0.0002541,0,0.0002541,0
0.0002542,0,0.0002542,0
0.0002543,0,0.0002543,0
0.0002544,0,0.0002544,0
0.0002545,0,0.0002545,0
0.0002546,0,0.0002546,0
0.0002547,0,0.0002547,0
0.0002548,0,0.0002548,0
0.0002549,0,0.0002549,0
0.000255,0,0.000255,0
0.0002551,0,0.0002551,0
0.0002552,0,0.0002552,0
0.0002553,0,0.0002553,0
0.0002554,0,0.0002554,0
0.0002555,0,0.0002555,0
0.0002556,0,0.0002556,0
0.0002557,0,0.0002557,0
0.0002558,0,0.0002558,0
0.0002559,0,0.0002559,0
0.000256,0,0.000256,0
0.0002561,0,0.0002561,0
0.0002562,0,0.0002562,0
0.0002563,0,0.0002563,0
0.0002564,0,0.0002564,0
0.0002565,0,0.0002565,0
0.0002566,0,0.0002566,0
0.0002567,0,0.0002567,0
0.0002568,0,0.0002568,0
0.0002569,0,0.0002569,0
0.000257,0,0.000257,0
0.0002571,0,0.0002571,0
0.0002572,0,0.0002572,0
0.0002573,0,0.0002573,0
0.0002574,0,0.0002574,0
0.0002575,0,0.0002575,0
0.0002576,0,0.0002576,0
0.0002577,0,0.0002577,0
0.0002578,0,0.0002578,0
0.0002579,0,0.0002579,0
0.000258,0,0.000258,0
0.0002581,0,0.0002581,0
0.0002582,0,0.0002582,0
0.0002583,0,0.0002583,0
0.0002584,0,0.0002584,0
0.0002585,0,0.0002585,0
0.0002586,0,0.0002586,0
0.0002587,0,0.0002587,0
0.0002588,0,0.0002588,0
0.0002589,0,0.0002589,0
0.000259,0,0.000259,0
0.0002591,0,0.0002591,0
0.0002592,0,0.0002592,0
0.0002593,0,0.0002593,0
0.0002594,0,0.0002594,0
0.0002595,0,0.0002595,0
0.0002596,0,0.0002596,0
0.0002597,0,0.0002597,0
0.0002598,0,0.0002598,0
0.0002599,0,0.0002599,0
0.00026,0,0.00026,0
0.0002601,0,0.0002601,0
0.0002602,0,0.0002602,0
0.0002603,0,0.0002603,0
0.0002604,0,0.0002604,0
0.0002605,0,0.0002605,0
0.0002606,0,0.0002606,0
0.0002607,0,0.0002607,0
0.0002608,0,0.0002608,0
0.0002609,0,0.0002609,0
0.000261,0,0.000261,0
0.0002611,0,0.0002611,0
0.0002612,0,0.0002612,0
0.0002613,0,0.0002613,0
0.0002614,0,0.0002614,0
0.0002615,0,0.0002615,0
0.0002616,0,0.0002616,0
0.0002617,0,0.0002617,0
0.0002618,0,0.0002618,0
0.0002619,0,0.0002619,0
0.000262,0,0.000262,0
0.0002621,0,0.0002621,0
0.0002622,0,0.0002622,0
0.0002623,0,0.0002623,0
0.0002624,0,0.0002624,0
0.0002625,0,0.0002625,0
0.0002626,0,0.0002626,0
0.0002627,0,0.0002627,0
0.0002628,0,0.0002628,0
0.0002629,0,0.0002629,0
0.000263,0,0.000263,0
0.0002631,0,0.0002631,0
0.0002632,0,0.0002632,0
0.0002633,0,0.0002633,0
0.0002634,0,0.0002634,0
0.0002635,0,0.0002635,0
0.0002636,0,0.0002636,0
0.0002637,0,0.0002637,0
0.0002638,0,0.0002638,0
0.0002639,0,0.0002639,0
0.000264,0,0.000264,0
0.0002641,0,0.0002641,0
0.0002642,0,0.0002642,0
0.0002643,0,0.0002643,0
0.0002644,0,0.0002644,0
0.0002645,0,0.0002645,0
0.0002646,0,0.0002646,0
0.0002647,0,0.0002647,0
0.0002648,0,0.0002648,0
0.0002649,0,0.0002649,0
0.000265,0,0.000265,0
0.0002651,0,0.0002651,0
0.0002652,0,0.0002652,0
0.0002653,0,0.0002653,0
0.0002654,0,0.0002654,0
0.0002655,0,0.0002655,0
0.0002656,0,0.0002656,0
0.0002657,0,0.0002657,0
0.0002658,0,0.0002658,0
0.0002659,0,0.0002659,0
0.000266,0,0.000266,0
0.0002661,0,0.0002661,0
0.0002662,0,0.0002662,0
0.0002663,0,0.0002663,0
0.0002664,0,0.0002664,0
0.0002665,0,0.0002665,0
0.0002666,0,0.0002666,0
0.0002667,0,0.0002667,0
0.0002668,0,0.0002668,0
0.0002669,0,0.0002669,0
0.000267,0,0.000267,0
0.0002671,0,0.0002671,0
0.0002672,0,0.0002672,0
0.0002673,0,0.0002673,0
0.0002674,0,0.0002674,0
0.0002675,0,0.0002675,0
0.0002676,0,0.0002676,0
0.0002677,0,0.0002677,0
0.0002678,0,0.0002678,0
0.0002679,0,0.0002679,0
0.000268,0,0.000268,0
0.0002681,0,0.0002681,0
0.0002682,0,0.0002682,0
0.0002683,0,0.0002683,0
0.0002684,0,0.0002684,0
0.0002685,0,0.0002685,0
0.0002686,0,0.0002686,0
0.0002687,0,0.0002687,0
0.0002688,0,0.0002688,0
0.0002689,0,0.0002689,0
0.000269,0,0.000269,0
0.0002691,0,0.0002691,0
0.0002692,0,0.0002692,0
0.0002693,0,0.0002693,0
0.0002694,0,0.0002694,0
0.0002695,0,0.0002695,0
0.0002696,0,0.0002696,0
0.0002697,0,0.0002697,0
0.0002698,0,0.0002698,0
0.0002699,0,0.0002699,0
0.00027,0,0.00027,0
0.0002701,0,0.0002701,0
0.0002702,0,0.0002702,0
0.0002703,0,0.0002703,0
0.0002704,0,0.0002704,0
0.0002705,0,0.0002705,0
0.0002706,0,0.0002706,0
0.0002707,0,0.0002707,0
0.0002708,0,0.0002708,0
0.0002709,0,0.0002709,0
0.000271,0,0.000271,0
0.0002711,0,0.0002711,0
0.0002712,0,0.0002712,0
0.0002713,0,0.0002713,0
0.0002714,0,0.0002714,0
0.0002715,0,0.0002715,0
0.0002716,0,0.0002716,0
0.0002717,0,0.0002717,0
0.0002718,0,0.0002718,0
0.0002719,0,0.0002719,0
0.000272,0,0.000272,0
0.0002721,0,0.0002721,0
0.0002722,0,0.0002722,0
0.0002723,0,0.0002723,0
0.0002724,0,0.0002724,0
0.0002725,0,0.0002725,0
0.0002726,0,0.0002726,0
0.0002727,0,0.0002727,0
0.0002728,0,0.0002728,0
0.0002729,0,0.0002729,0
0.000273,0,0.000273,0
0.0002731,0,0.0002731,0
0.0002732,0,0.0002732,0
0.0002733,0,0.0002733,0
0.0002734,0,0.0002734,0
0.0002735,0,0.0002735,0
0.0002736,0,0.0002736,0
0.0002737,0,0.0002737,0
0.0002738,0,0.0002738,0
0.0002739,0,0.0002739,0
0.000274,0,0.000274,0
0.0002741,0,0.0002741,0
0.0002742,0,0.0002742,0
0.0002743,0,0.0002743,0
0.0002744,0,0.0002744,0
0.0002745,0,0.0002745,0
0.0002746,0,0.0002746,0
0.0002747,0,0.0002747,0
0.0002748,0,0.0002748,0
0.0002749,0,0.0002749,0
0.000275,0,0.000275,0
0.0002751,0,0.0002751,0
0.0002752,0,0.0002752,0
0.0002753,0,0.0002753,0
0.0002754,0,0.0002754,0
0.0002755,0,0.0002755,0
0.0002756,0,0.0002756,0
0.0002757,0,0.0002757,0
0.0002758,0,0.0002758,0
0.0002759,0,0.0002759,0
0.000276,0,0.000276,0
0.0002761,0,0.0002761,0
0.0002762,0,0.0002762,0
0.0002763,0,0.0002763,0
0.0002764,0,0.0002764,0
0.0002765,0,0.0002765,0
0.0002766,0,0.0002766,0
0.0002767,0,0.0002767,0
0.0002768,0,0.0002768,0
0.0002769,0,0.0002769,0
0.000277,0,0.000277,0
0.0002771,0,0.0002771,0
0.0002772,0,0.0002772,0
0.0002773,0,0.0002773,0
0.0002774,0,0.0002774,0
0.0002775,0,0.0002775,0
0.0002776,0,0.0002776,0
0.0002777,0,0.0002777,0
0.0002778,0,0.0002778,0
0.0002779,0,0.0002779,0
0.000278,0,0.000278,0
0.0002781,0,0.0002781,0
0.0002782,0,0.0002782,0
0.0002783,0,0.0002783,0
0.0002784,0,0.0002784,0
0.0002785,0,0.0002785,0
0.0002786,0,0.0002786,0
0.0002787,0,0.0002787,0
0.0002788,0,0.0002788,0
0.0002789,0,0.0002789,0
0.000279,0,0.000279,0
0.0002791,0,0.0002791,0
0.0002792,0,0.0002792,0
0.0002793,0,0.0002793,0
0.0002794,0,0.0002794,0
0.0002795,0,0.0002795,0
0.0002796,0,0.0002796,0
0.0002797,0,0.0002797,0
0.0002798,0,0.0002798,0
0.0002799,0,0.0002799,0
0.00028,0,0.00028,0
0.0002801,0,0.0002801,0
0.0002802,0,0.0002802,0
0.0002803,0,0.0002803,0
0.0002804,0,0.0002804,0
0.0002805,0,0.0002805,0
0.0002806,0,0.0002806,0
0.0002807,0,0.0002807,0
0.0002808,0,0.0002808,0
0.0002809,0,0.0002809,0
0.000281,0,0.000281,0
0.0002811,0,0.0002811,0
0.0002812,0,0.0002812,0
0.0002813,0,0.0002813,0
0.0002814,0,0.0002814,0
0.0002815,0,0.0002815,0
0.0002816,0,0.0002816,0
0.0002817,0,0.0002817,0
0.0002818,0,0.0002818,0
0.0002819,0,0.0002819,0
0.000282,0,0.000282,0
0.0002821,0,0.0002821,0
0.0002822,0,0.0002822,0
0.0002823,0,0.0002823,0
0.0002824,0,0.0002824,0
0.0002825,0,0.0002825,0
0.0002826,0,0.0002826,0
0.0002827,0,0.0002827,0
0.0002828,0,0.0002828,0
0.0002829,0,0.0002829,0
0.000283,0,0.000283,0
0.0002831,0,0.0002831,0
0.0002832,0,0.0002832,0
0.0002833,0,0.0002833,0
0.0002834,0,0.0002834,0
0.0002835,0,0.0002835,0
0.0002836,0,0.0002836,0
0.0002837,0,0.0002837,0
0.0002838,0,0.0002838,0
0.0002839,0,0.0002839,0
0.000284,0,0.000284,0
0.0002841,0,0.0002841,0
0.0002842,0,0.0002842,0
0.0002843,0,0.0002843,0
0.0002844,0,0.0002844,0
0.0002845,0,0.0002845,0
0.0002846,0,0.0002846,0
0.0002847,0,0.0002847,0
0.0002848,0,0.0002848,0
0.0002849,0,0.0002849,0
0.000285,0,0.000285,0
0.0002851,0,0.0002851,0
0.0002852,0,0.0002852,0
0.0002853,0,0.0002853,0
0.0002854,0,0.0002854,0
0.0002855,0,0.0002855,0
0.0002856,0,0.0002856,0
0.0002857,0,0.0002857,0
0.0002858,0,0.0002858,0
0.0002859,0,0.0002859,0
0.000286,0,0.000286,0
0.0002861,0,0.0002861,0
0.0002862,0,0.0002862,0
0.0002863,0,0.0002863,0
0.0002864,0,0.0002864,0
0.0002865,0,0.0002865,0
0.0002866,0,0.0002866,0
0.0002867,0,0.0002867,0
0.0002868,0,0.0002868,0
0.0002869,0,0.0002869,0
0.000287,0,0.000287,0
0.0002871,0,0.0002871,0
0.0002872,0,0.0002872,0
0.0002873,0,0.0002873,0
0.0002874,0,0.0002874,0
0.0002875,0,0.0002875,0
0.0002876,0,0.0002876,0
0.0002877,0,0.0002877,0
0.0002878,0,0.0002878,0
0.0002879,0,0.0002879,0
0.000288,0,0.000288,0
0.0002881,0,0.0002881,0
0.0002882,0,0.0002882,0
0.0002883,0,0.0002883,0
0.0002884,0,0.0002884,0
0.0002885,0,0.0002885,0
0.0002886,0,0.0002886,0
0.0002887,0,0.0002887,0
0.0002888,0,0.0002888,0
0.0002889,0,0.0002889,0
0.000289,0,0.000289,0
0.0002891,0,0.0002891,0
0.0002892,0,0.0002892,0
0.0002893,0,0.0002893,0
0.0002894,0,0.0002894,0
0.0002895,0,0.0002895,0
0.0002896,0,0.0002896,0
0.0002897,0,0.0002897,0
0.0002898,0,0.0002898,0
0.0002899,0,0.0002899,0
0.00029,0,0.00029,0
0.0002901,0,0.0002901,0
0.0002902,0,0.0002902,0
0.0002903,0,0.0002903,0
0.0002904,0,0.0002904,0
0.0002905,0,0.0002905,0
0.0002906,0,0.0002906,0
0.0002907,0,0.0002907,0
0.0002908,0,0.0002908,0
0.0002909,0,0.0002909,0
0.000291,0,0.000291,0
0.0002911,0,0.0002911,0
0.0002912,0,0.0002912,0
0.0002913,0,0.0002913,0
0.0002914,0,0.0002914,0
0.0002915,0,0.0002915,0
0.0002916,0,0.0002916,0
0.0002917,0,0.0002917,0
0.0002918,0,0.0002918,0
0.0002919,0,0.0002919,0
0.000292,0,0.000292,0
0.0002921,0,0.0002921,0
0.0002922,0,0.0002922,0
0.0002923,0,0.0002923,0
0.0002924,0,0.0002924,0
0.0002925,0,0.0002925,0
0.0002926,0,0.0002926,0
0.0002927,0,0.0002927,0
0.0002928,0,0.0002928,0
0.0002929,0,0.0002929,0
0.000293,0,0.000293,0
0.0002931,0,0.0002931,0
0.0002932,0,0.0002932,0
0.0002933,0,0.0002933,0
0.0002934,0,0.0002934,0
0.0002935,0,0.0002935,0
0.0002936,0,0.0002936,0
0.0002937,0,0.0002937,0
0.0002938,0,0.0002938,0
0.0002939,0,0.0002939,0
0.000294,0,0.000294,0
0.0002941,0,0.0002941,0
0.0002942,0,0.0002942,0
0.0002943,0,0.0002943,0
0.0002944,0,0.0002944,0
0.0002945,0,0.0002945,0
0.0002946,0,0.0002946,0
0.0002947,0,0.0002947,0
0.0002948,0,0.0002948,0
0.0002949,0,0.0002949,0
0.000295,0,0.000295,0
0.0002951,0,0.0002951,0
0.0002952,0,0.0002952,0
0.0002953,0,0.0002953,0
0.0002954,0,0.0002954,0
0.0002955,0,0.0002955,0
0.0002956,0,0.0002956,0
0.0002957,0,0.0002957,0
0.0002958,0,0.0002958,0
0.0002959,0,0.0002959,0
0.000296,0,0.000296,0
0.0002961,0,0.0002961,0
0.0002962,0,0.0002962,0
0.0002963,0,0.0002963,0
0.0002964,0,0.0002964,0
0.0002965,0,0.0002965,0
0.0002966,0,0.0002966,0
0.0002967,0,0.0002967,0
0.0002968,0,0.0002968,0
0.0002969,0,0.0002969,0
0.000297,0,0.000297,0
0.0002971,0,0.0002971,0
0.0002972,0,0.0002972,0
0.0002973,0,0.0002973,0
0.0002974,0,0.0002974,0
0.0002975,0,0.0002975,0
0.0002976,0,0.0002976,0
0.0002977,0,0.0002977,0
0.0002978,0,0.0002978,0
0.0002979,0,0.0002979,0
0.000298,0,0.000298,0
0.0002981,0,0.0002981,0
0.0002982,0,0.0002982,0
0.0002983,0,0.0002983,0
0.0002984,0,0.0002984,0
0.0002985,0,0.0002985,0
0.0002986,0,0.0002986,0
0.0002987,0,0.0002987,0
0.0002988,0,0.0002988,0
0.0002989,0,0.0002989,0
0.000299,0,0.000299,0
0.0002991,0,0.0002991,0
0.0002992,0,0.0002992,0
0.0002993,0,0.0002993,0
0.0002994,0,0.0002994,0
0.0002995,0,0.0002995,0
0.0002996,0,0.0002996,0
0.0002997,0,0.0002997,0
0.0002998,0,0.0002998,0
0.0002999,0,0.0002999,0
